0.20412032,-0.94562805,-2.11544626
0.43661008,-1.78185497,4.20962016
-0.03428999,-4.41893212,-3.29476317
-0.68146401,-4.45420066,-3.53363273
-0.68118914,-4.46806484,-3.50146836
-0.78767497,2.76045594,-4.74855608
-0.74436904,3.72452992,-6.24076624
-0.68134306,-4.46698462,-3.50780578
-0.77888846,-0.57472876,3.10840499
-0.06833599,-4.36023432,-3.09101709
-0.80478258,-0.98563936,6.62812079
-0.73909277,-3.51832649,-0.47080506
-0.14229109,12.59413026,-11.78450315
-0.29095796,-1.91973723,0.46481364
-0.06765124,-4.49051712,-3.36851432
-0.7829796,4.7683136,-8.25171477
0.58646368,-3.65574456,-0.90066376
-0.74565177,-3.93254008,-1.16916101
0.08501558,-3.77530304,-1.30971145
-0.79922634,5.64810085,6.0257825
0.32201248,2.39717726,3.56486871
-0.47410273,0.75116811,0.58033819
-0.29013713,-1.32989832,0.3327426
0.43368106,2.85951399,4.06645905
0.19862174,5.57267929,-7.22794022
-0.54051407,-1.43679988,-0.39988585
-0.74570673,4.54849948,-4.36288095
-0.80149702,8.16567994,2.79976637
2.83821515e,-3.28012174e,-4.38343796e
-0.53674117,-3.97432513,-1.7213703
-0.78113631,-2.36767729,5.36851248
-0.78675929,10.83067738,-4.31944283
-0.78418443,5.9894113,0.32599011
-0.81141957,4.38089868,7.86034729
-0.73925033,-3.43830605,-0.37784622
-0.01505445,8.17718752,-6.25861219
-0.77506884,-2.74012002,1.84823573
-0.78337238,2.91536626,5.02407056
-0.78553659,-0.08911688,-1.64972179
-0.75037861,-3.74272904,-1.26832303
-0.77521101,-2.77974229,1.952355
-0.77532503,-2.72027086,1.83705373
-0.79463088,16.76782306,-3.83980817
-0.78971236,13.93399694,-5.69261972
-0.77493038,-2.7660007,1.74094507
0.15905278,11.33030068,-4.33010064
-0.74556669,-3.95637172,-1.1704
0.84374515,-3.13147027,2.26521577
-0.74550346,-3.99163992,-1.20200156
-0.54045671,-1.4244011,-0.41202995
-0.61490605,-3.6531414,-0.75222039
-0.77503924,-2.75116525,1.67196484
-0.28998991,-1.42648223,0.27808543
-0.74460478,2.76841328,-1.73485753
-0.81180873,8.75505452,3.55141943
-0.50757246,-3.11249573,0.80632994
-0.59394881,-4.31163894,-2.99131604
-0.56559879,1.14411761,-3.97049863
-0.78448627,9.17996198,-3.34349301
0.19809455,-3.76661512,-1.22278508
-0.77963851,-2.10147073,5.2464229
-0.57079405,-0.8343132,-3.05369384
-0.29163443,0.04288001,-3.08270465
-0.68163802,-4.41723686,-3.39894648
-0.88088049,10.99168769,-3.25434002
-0.54255022,-0.71524887,0.949178
-0.53903981,-3.65283094,-0.8019336
-0.78591358,6.9418603,2.38742593
-0.48381189,-3.95931753,-1.30700322
0.58510874,-3.2826185,-0.54207137
-0.78612645,-0.22136739,-2.80198416
-0.74460815,2.8199015,-2.17728744
-7.85E-01,6.77E-03,7.87E+00
-0.77507167,-2.76014144,1.87831915
-0.54616701,4.78105146,-2.40199502
-0.54601066,4.56234351,-2.51878026
-0.78211857,-0.99088928,8.56896176
-0.76795964,-1.5913808,4.44599473
1.08898942,-1.43507909,2.5594725
-0.14226033,12.46688689,-11.59140438
-0.73976661,-3.39844225,-0.12274946
-0.12617892,5.21414286,0.4815286
-0.70269614,-4.40410558,-3.21291654
-0.61994909,-0.94688385,2.40160309
-0.77811752,-2.21387378,3.94613808
-0.5423694,0.49887561,-0.57474716
-0.81228462,-4.38134418,-3.11018336
-0.77867139,-2.51647057,4.27338535
0.57771934,-1.41300342,3.877102
-0.68146401,-4.45420066,-3.53363273
-0.74215275,3.05031802,-4.4311625
0.02679703,-3.27845329,-0.8217967
-0.68146401,-4.45420066,-3.53363273
-0.53958789,-1.25524993,-1.83164843
-0.56550741,1.14836642,-3.95901488
-0.73970766,-3.01987204,-0.05182143
-0.73957279,-3.45645003,-0.28810525
-0.1905098,-3.02739619,3.21314708
-0.25974577,0.79075692,1.23474404
-0.77594609,-2.88028375,2.38138579
-0.56448201,-3.72271085,-1.40797532
-0.73821275,-3.82609994,-1.01801708
-0.29382735,1.95078651,-0.60514733
-0.7807926,-0.0097016,5.54216976
-0.54466226,-3.50584293,-1.14689874
-0.6746568,-1.98675113,2.4339022
-0.19080719,-2.90302097,3.32914683
-0.6278724,-3.82877649,-1.24051283
-0.21397206,-1.91329248,-0.19025128
-0.76219875,11.44561547,-1.66876483
-0.83151967,-4.47941712,-3.44334862
-0.77694599,3.53363576,-6.64260208
-0.76805578,-3.42097241,-0.95380871
-0.7850127,5.51781833,3.91235356
-0.78686633,3.24453431,7.86432926
-0.83766784,-2.03562226,3.2327345
-0.7828712,3.8468474,3.48485726
-0.79003341,8.08078196,5.48106205
-0.82485686,-1.57442159,3.17555987
-0.64334657,3.887271,7.71443729
-0.77263922,-2.35690828,1.73867714
-0.74157976,0.43935058,-1.80991691
-0.63625168,-1.01784992,3.80113804
0.08517612,-3.80161255,-1.45278237
-0.77576365,-2.54915879,1.61510712
0.16987461,-3.86277485,-1.30177255
-0.78784094,10.72412049,1.55965171
-0.78012038,-1.0387576,5.04312475
-0.3755247,1.93491539,-2.34512713
-0.77880809,-1.07010952,5.00998973
-0.7455612,-3.98778237,-1.20322545
0.22596946,-2.98621754,0.22661531
-0.80917007,4.46275232,6.82162401
-0.79548275,16.13665212,1.18232968
-0.51936803,-4.36294718,-2.9604783
-0.6386407,6.69737697,-2.05863563
-0.63871164,6.88020632,-2.26465648
-0.45924603,-4.1314339,-2.44709301
-0.77959855,-1.20853791,4.98288348
-0.77308599,-1.85402129,2.42563931
0.86678453,-2.34016954,-0.91388806
-0.53815992,-3.69192065,-0.88135288
-0.46421822,-2.54964011,5.19686435
-0.19058051,-2.98790355,3.25865841
0.08510936,-3.80898897,-1.29316433
0.08519375,-3.80950659,-1.47792985
-0.57176824,0.29109869,-5.03426976
0.65633477,-2.06683212,-0.71247902
-0.74307502,-4.03932308,-1.86405094
-0.68128618,-4.46745024,-3.51261871
0.16908449,-3.85958943,-1.35236091
-0.47057,-2.42912758,-0.3412837
0.55700746,0.50440059,4.44150692
-0.74916658,-0.86258457,-0.52354197
0.25138326,-4.47633012,-3.3439803
-0.77462314,-3.1836361,1.32375721
-0.61320475,-4.3566615,-3.04560712
-0.77450597,-3.06489326,1.56085411
-0.47060459,-2.41268353,-0.31825172
1.08722755,-2.83549595,2.30914859
-0.78273316,-2.61572756,5.58085706
-0.77775,-2.57836273,2.99486673
0.17004241,-3.9303399,-1.74136041
-0.78202988,-1.18172917,5.6376384
-0.74496869,3.07318297,-1.64441365
-0.78588744,-0.5097733,-2.15814524
0.08512525,-3.79635596,-1.41325298
-0.78513612,8.99611124,-0.98404187
-0.78731131,6.77192227,3.51734633
0.17010032,-3.93446168,-1.77736594
-0.78046177,-1.94922972,5.03971522
-0.4705102,-2.47155448,-0.35688674
-0.77936882,-2.39712243,3.86501643
-0.77370413,-1.83292296,2.56218005
-0.77945027,-2.80198137,4.23026742
-0.70274242,-4.39636431,-3.18608454
-0.47055952,-2.40332343,-0.43917489
-0.78360266,1.54525934,6.55124307
-0.78510857,8.35167913,-3.57535463
-0.74670896,-2.52247451,0.34144634
0.08199777,-3.74682235,-1.20975707
-0.63487275,3.97547915,-3.66798312
1.04719271,2.68571021,6.20166512
-0.47383904,0.48367656,0.49882889
-0.29065688,-2.18729234,-0.47679682
-0.77078421,-3.70593557,-1.20799954
-0.680929,-4.5045876,-3.52469974
-0.68879414,-3.25298533,1.06390783
-0.3742763,0.61559331,-2.47070384
-0.39060127,-0.56274133,1.14423729
-0.78024635,-1.6983395,6.12413482
-0.12484354,6.66231825,-5.40174862
-0.69392085,-4.36700927,-3.15040743
-0.12490316,6.73128554,-5.46161571
-0.19074385,-2.88811752,3.33333318
-0.28974177,-1.47759999,0.18769365
1.78111691,-3.4008385,0.63936069
-0.72826863,-1.71291887,4.73581151
-0.78647221,5.49585026,5.51903729
-0.78045621,-2.00544268,6.00672453
0.9352738,-0.28347402,1.93651089
-0.77940476,-2.73744011,4.3732238
-0.29093414,-1.93679178,0.45935258
-0.46915811,-3.03151955,-0.66709342
-0.68151752,-4.43958963,-3.43743055
-0.77296442,-1.88559672,2.39915998
-0.68145436,-4.37227925,-3.26153899
-0.78990381,14.09940306,-4.55667754
-0.74259522,-2.41905771,-1.155743
-0.78085695,1.43153906,4.21510061
-0.74559002,-3.97302437,-1.19322081
1.04846691,-1.78241351,2.29660619
-0.78023556,-2.21849639,5.74955004
-0.77975619,-1.47532037,4.72801755
-0.7802201,-1.58255224,4.84877716
-0.77975283,-1.28567489,4.57091669
0.58506848,-3.2806505,-0.53693404
-0.76897857,-4.1301011,-2.80980725
-0.7729557,-2.14689446,2.23018379
-0.56910865,-4.42589157,-3.37735788
-0.61642973,-2.20295403,0.34220292
-0.68146401,-4.45420066,-3.53363273
-0.78146221,-1.20921399,8.04759662
0.58508738,-3.2972148,-0.59102141
-0.7748835,-2.41358363,2.76396396
-0.65490922,-4.48682412,-3.41742569
0.29248394,-1.75666458,2.44590489
-0.68146401,-4.45420066,-3.53363273
-0.74674089,-2.5234985,0.37057388
-0.52577416,4.45839251,3.52622165
0.61853856,4.63654738,3.6557199
-0.56210776,5.06558043,-6.32494224
-0.75135938,0.4529477,0.38149799
-0.52594804,4.55689467,3.46485165
-0.78170127,-1.23637017,5.14554827
0.20413676,-0.96919854,-2.09696436
1.6613888,2.80179066,9.84510009
0.86539577,-1.97024599,0.05417784
-0.74291777,-3.96406307,-1.95106761
-0.77988124,-1.49071122,5.07478596
-0.77818953,-2.57626388,3.55303748
-0.29048675,-2.2562996,0.33136757
-0.29048598,-2.31168758,0.41738634
-0.19118754,-2.96436369,2.77008486
0.92893243,-0.88959781,-1.26333455
-0.46631649,-2.80434038,-1.06414691
-0.76767047,-1.61536105,4.40859727
-0.27151742,-1.91051987,2.46195365
-0.53895134,-3.69814876,-0.85321389
-0.77730553,-2.95450666,3.33672838
-0.74565899,-3.94127059,-1.16736234
-0.77523955,-2.91178427,1.82009836
1.76819559,3.49391972,5.57818437
-0.7845463,4.70352114,4.77877975
-0.78575471,5.99677006,1.36807302
-0.791475,12.70695951,-0.16911152
0.58445068,-3.38070543,-0.26220921
-0.81046357,2.29082504,8.04598366
-0.2103609,-3.92280548,-1.66642563
-0.78606939,4.06815629,6.36677954
-0.74665609,-2.55005159,0.31332462
0.8031612,12.89270337,-3.36041854
-0.78722686,5.12674775,5.42433502
-0.7837896,8.4154499,-5.65319874
-0.78631998,5.47577586,4.61534448
-0.68122421,-4.49015871,-3.46770873
-0.73738997,15.28578385,-1.2032788
-0.74222993,-4.1346284,-1.80845708
-0.7823116,-0.95386656,8.6309651
-0.78595686,6.91946757,3.04234501
-0.78051836,-2.18228508,5.20751248
-0.37805679,-2.96525442,0.38518704
-0.16956011,9.88956096,-7.13545995
-0.74229012,-4.11978312,-1.77001359
-0.74560805,-3.96445074,-1.18661006
-0.76771392,-1.64458515,4.07297795
-0.73953359,-3.71188016,0.67062079
0.44548612,-0.91257536,4.08009302
-0.21047461,-3.95350846,-1.73239847
-0.12206159,-4.19307732,-2.16705438
-0.77535702,-2.51104911,2.52364377
-0.53877793,-1.54778665,-2.45304712
0.68044588,-4.38699873,-3.39722507
-0.7926291,8.93922192,6.91561136
0.58426148,-3.33509072,-0.03782907
-0.19075385,-2.90310803,3.33551188
-0.19080268,-2.86126881,3.35633931
-0.78538861,5.04863816,2.46332048
-0.77613249,-2.21399855,2.25222767
-0.332352,4.44088398,-2.01851229
1.19779276,1.74458357,2.65263233
-0.27078708,-2.39189179,2.51700137
-0.75951244,-1.48128063,5.57219504
-0.76011332,-1.45264645,5.47192112
-0.47458157,2.04078668,-0.74474837
-0.29103967,-1.86122169,0.48355099
-0.21051879,-3.94432081,-1.68812726
-0.78105405,-1.29922519,5.33115702
-3.68E-03,4.86E+00,-3.78E+00
-0.75076592,3.75918149,-3.2838447
-0.76968834,-0.14197265,5.08022121
-0.81353387,8.52765426,5.30782581
-0.76793711,-1.68259077,4.37467367
-0.5707911,-0.83821968,-3.05091543
-0.64224281,-0.35278559,5.75448767
-0.77808566,-0.51458099,2.75004504
-0.81397615,16.20263911,-5.53806197
-0.61487967,-3.66896592,-0.77137934
-0.76786355,-1.57481788,4.40888896
-0.78629079,6.63220388,4.33725958
-0.79394491,14.45474531,-1.52307373
-0.78996533,8.40554642,5.40601979
-0.79030472,8.38386779,6.01031922
-0.00332539,1.59475299,1.06999536
-0.77687685,2.56074996,-4.39529213
-0.00330522,1.57137571,1.00987775
-0.54048803,-1.47496222,-0.40199651
0.32890603,7.47750841,-0.73859099
-0.74102647,-2.17387741,0.55119413
-0.74635592,-3.4461648,1.23103654
-0.74571057,-3.91674089,-1.1484486
-0.78851061,5.15354528,7.95887486
-0.74565848,-3.94151469,-1.16755055
-0.74557936,-3.97914163,-1.19656297
-0.7491295,-0.88995344,-0.58124695
-0.78199912,0.34619417,5.90292009
-0.78085237,-0.98523015,5.6843485
0.8601121,3.81035048,3.89402044
-0.74909168,-0.91735894,-0.58579324
-0.74557549,-3.98098479,-1.19798415
-0.53905543,-3.62750813,-0.77812313
-0.78019826,-2.25783972,5.21724372
0.27234971,0.58151987,-2.9723981
-0.46007134,-3.04439565,1.69598193
-0.8067641,0.28986819,7.52591514
1.89214705,-4.00277896,-2.41238319
-0.57079539,-0.83254508,-3.05495139
-0.77461098,1.1369453,-4.10110716
-0.57081046,-0.81262155,-3.06912164
0.19367924,4.6950035,2.83894287
-0.41932187,-2.06635921,3.78520598
-0.77534616,2.15301698,-4.81638048
-0.77710929,-2.75294045,2.93435651
-4.64E-03,5.44E+00,-5.14E+00
-0.28762952,-3.48448962,-1.39831027
-0.5595252,-4.32067698,-3.33814765
-0.78653676,6.62520996,0.44120347
-0.21414065,-1.74663957,-0.15158729
-0.74659044,-2.61298138,0.44880387
1.04022249,-2.04932569,1.9591462
-0.78644039,1.93066069,8.35464878
-0.5420173,1.32019897,-4.88138832
-0.74916647,-0.86528224,-0.57469694
-0.78627764,8.23864098,0.80524871
-0.78185649,-0.58347233,7.62348734
1.04600988,-2.08627735,3.52291208
-0.78336863,1.73271429,5.27501681
-0.78443573,8.43765475,-1.74059259
0.39730802,-3.21236487,0.45395491
-0.81530525,12.16260845,3.49635956
1.64136841,-4.23281565,-3.20144492
-0.75093969,0.69904969,1.80893175
-0.55934574,-4.40516111,-3.36880957
-0.74567353,-3.93435572,-1.16203059
0.4581238,1.24657585,-0.95020058
-0.03951657,1.22400019,4.13877456
0.92889344,-0.84759464,-1.28327303
0.73202275,1.48136773,4.06028441
-0.48343925,-3.81466523,-1.41980432
-0.53264381,-4.45570347,-3.29284504
-0.74036604,-1.29258323,-1.43330395
0.7828619,-2.65975537,3.97477142
-0.7380282,-3.72795766,-1.12801083
-0.78219937,-0.60097799,6.012639
-0.75130878,1.47688037,1.1404044
-0.78946705,5.34787058,-5.53404869
-0.15322031,1.82670557,-5.09754191
-0.53732884,4.54856035,-4.09456839
-0.27187634,-1.78073766,3.15614695
-0.19076643,-2.85065075,3.35155526
-0.90054561,-3.91210279,-1.71419624
-0.82950838,-4.07847208,-2.40789133
-0.7894158,10.03070882,2.02974865
-0.6815513,-4.43300917,-3.45340567
-8.70E-03,1.06E+01,-5.78E+00
-0.77808757,-2.11777403,4.59153509
-0.61871478,-1.56145942,2.03756153
-8.91E-03,1.09E+01,-5.93E+00
1.11568402,-3.81999086,-2.04184468
-0.76892193,-3.65278517,-0.27567353
-0.78625765,5.15521539,5.52756837
-0.29900454,-1.42908107,1.30755025
0.30357128,-3.5663558,-1.18933307
0.30370486,-3.58900866,-1.23095078
0.30381705,-3.6462504,-1.37555587
-0.78000633,-1.22872808,5.43916652
-0.74671644,-2.53543224,0.3570098
0.02516969,-4.15624019,-2.27102443
-0.74645099,-3.27569989,1.20373649
-0.34051015,-2.46878507,0.82826926
0.92181967,6.66671966,-4.20416641
-0.78443774,11.83097769,-3.26074942
0.78566428,-1.04774469,-1.67787349
-0.62028024,1.12679353,1.79268714
0.92309141,6.00533879,-4.10727891
2.69E-03,-3.18E+00,-3.87E-01
0.92291808,6.08953237,-4.17381435
-0.19070619,-2.89009541,3.32871127
-0.16896741,7.24264948,-2.76881116
-0.11183948,-2.08194367,2.0256455
-0.78240549,-0.93703412,8.72947422
-0.5690386,-4.44291015,-3.38998984
-0.78410174,6.17117972,0.27379905
-0.76785812,-1.55013275,4.02099601
-0.75458884,-0.14502943,-3.15849428
-0.78578524,-1.11250617,2.9952341
0.17009905,-3.91318831,-1.43044056
-0.77775852,-2.69456481,3.12557074
-0.68146401,-4.45420066,-3.53363273
0.08496285,-3.76517925,-1.25992106
-0.78196356,-0.4488045,6.37856633
0.05516467,-3.93041671,-1.83858598
-0.68130598,-4.43144365,-3.37524344
-0.77956437,-0.61721537,4.69169498
-0.42840037,0.89805777,-2.12799306
-0.48199201,-4.04592092,-2.34868916
-0.77752617,-2.86178635,3.57752651
-0.53887953,-3.72021801,-0.89702068
0.86781395,-3.62398082,-0.90351947
-0.78854967,6.99687722,3.96735693
-0.81119759,9.98975048,-1.68447029
0.75603448,-2.99996367,2.43550971
-0.74564995,-3.94557378,-1.17068033
-0.78026592,-1.32982937,5.34632564
-0.68146401,-4.45420066,-3.53363273
-0.77505194,-2.28263489,2.46648565
-0.78966028,11.44089457,-1.95267074
-0.5394006,-3.2114732,-0.4513345
-0.69566524,-1.2700146,5.07317062
-0.29621633,5.23762161,-4.04300809
-0.53948363,-3.16611745,-0.41287119
-0.7803849,-2.42575481,4.99330693
-0.78049357,-2.40003034,5.09971731
-0.57909324,-4.4911808,-3.39156174
0.20211059,1.10247087,-2.4090786
-0.77973731,-1.42073678,4.95191229
-0.7938223,13.95592445,-1.99913014
-0.47087015,-2.65015895,-0.01069145
-0.78507979,4.78149737,3.92041935
-0.41314189,6.31284356,-3.3500692
-0.61493561,-3.6394855,-0.73357162
-0.4128766,6.70445384,-1.95355144
-0.78288558,2.49735182,5.10101067
-0.16846275,6.28733503,-1.74848237
-0.77707195,-3.1531816,3.10615192
-0.25806733,-2.25201369,1.91244913
-0.24214665,-2.04251149,3.78136028
0.4339716,-1.63966665,7.2212861
-0.74566223,-3.93973284,-1.16617665
-0.69508556,-3.08424159,0.65006331
-0.74899627,2.67772885,1.58188383
-0.53937215,-3.22701687,-0.4645161
0.0851065,-3.79275713,-1.39555337
-0.5690499,-4.4401652,-3.38795241
-0.78443336,6.46921318,0.50701637
-0.77953919,-1.26634876,4.64950584
-0.78429966,2.62384084,4.06144185
0.4295546,5.95493715,3.83276274
-0.80814412,7.7850466,1.05578927
-0.58083628,-2.58730318,3.30830659
1.76E-03,-3.30E+00,2.80E-01
-0.74555731,-3.98963253,-1.20465203
-0.00134378,-1.28318825,1.11225299
-0.7802321,-1.23747123,5.7667627
0.23846991,-3.05755853,1.07778084
0.33280057,-3.60429632,-0.69752906
-0.49143832,-3.05584644,1.15309403
0.23838338,-3.06763991,1.08355555
1.27009183,-3.90442462,-2.0955765
-0.53949153,-3.16179826,-0.40920836
-0.74561228,-3.96348616,-1.18449175
-0.87628447,0.62797347,3.08925155
-0.54057233,-1.32512293,-0.37755063
-0.68145271,-4.45685231,-3.32030802
-0.77416831,0.3588411,-3.18117671
-0.78199523,-0.46727068,7.68145783
-0.78154808,0.0401239,5.46944963
-0.78012426,4.75214703,-1.28761508
0.99999716,8.02525474,-2.15070502
-5.70E-03,6.98E+00,-4.31E+00
-0.50171891,-2.75192466,1.82225226
-0.74571167,-3.91621743,-1.14804498
-0.78347674,1.26780499,6.59584859
-0.78700592,7.31822955,2.78887099
-0.54437632,2.3510789,-0.62041689
-0.2906014,-2.25824485,-0.4915837
-0.79029807,11.2011939,1.28717724
-0.5463719,4.97389446,-2.51437118
0.2692126,4.30682283,4.21767667
-0.78188535,1.42839278,5.09321517