-0.14754509,-0.07172042,-0.93401808
-0.33269386,-0.40722014,0.25471323
-0.17696038,-0.25703353,-0.01581976
-0.39311548,-0.12229562,0.24584223
-0.10766542,-0.15518451,0.15565638
-0.40623262,-0.32854705,0.23970217
-0.24145443,-0.2641763,0.22647928
-0.36968723,-0.30640892,0.24774575
-0.32010419,0.45472128,0.25891478
0.34181505,-0.14221422,-0.14825787
-0.0758136,-0.01646883,0.29844785
-0.33242159,-0.40674676,0.25404521
-0.49011575,-0.17859324,0.17357266
0.25242418,0.74374439,-0.34472561
-0.36942758,-0.3082928,0.24631522
-0.28803253,-0.13560929,-0.54003929
-0.25951773,-0.34457816,-0.01481674
0.56201293,-0.22427678,-2.63596523
-0.52205177,-0.29408642,0.24958863
-0.14459562,-0.48978845,0.24750163
-0.37380013,0.01935716,0.2473028
-0.30363746,-0.31163531,0.17350556
-0.38436717,-0.00736643,0.24535412
-0.40273025,-0.32577841,0.23947608
-0.35612872,-0.30096831,0.25772143
-0.26990888,-0.2652762,0.05497294
-0.15264414,0.0843392,-0.55220476
-0.01333733,-0.05000729,0.25006337
-0.35846407,-0.40873088,0.25502225
-0.37215183,-0.31343963,0.246887
-0.14048482,0.3892594,0.26927958
-0.36957861,-0.30763655,0.24666058
-0.32420626,-0.3065111,0.25299528
-0.39236169,-0.32377338,0.18465856
-0.28456943,0.74815386,0.24832283
0.11267801,-0.30678457,0.25293929
-0.36788612,-0.30705236,0.24649597
-0.37965021,-0.3916564,0.19935711
-0.45441903,-0.24363265,0.24784357
0.21752638,-0.08930119,0.18849898
-0.28193683,-0.18542779,0.32063245
0.40292502,-0.3843304,0.2351752
-0.27277446,-0.2231579,0.24991739
-0.37891922,-0.3660792,0.24374801
-0.37992447,-0.06287562,0.25480302
-0.39059698,-0.49351661,0.26140079
-0.09510792,-0.45773729,0.25488293
-0.04390308,-0.06294245,0.23967241
0.50984849,-0.09087639,0.10358409
-0.40140002,-0.3449028,0.22483931
0.18792882,-0.34588997,0.22067826
-0.04099502,-0.24173871,0.33610765
-0.1596234,0.28451503,-0.31270881
0.00036167,-0.03839011,0.15689114
-0.10346407,-0.03072154,0.00182938
-0.32329733,-0.33964422,0.25193857
-0.00867762,-0.30033334,-0.01915861
-0.16945611,0.70300727,0.11057503
-0.08545985,-0.24508702,-0.0483734
-0.27806841,-0.40846816,0.18587492
0.08981821,0.16662927,0.13507205
-0.37618135,-0.31433126,0.25140328
-0.36958989,-0.31171246,0.23859539
-0.36609225,-0.31625445,0.15358667
0.12916815,-0.10911394,0.2081603
-0.04948343,-0.03047262,-0.13166614
-0.33938236,0.28187977,0.25868682
-0.09927274,0.80099691,0.26965945
-0.3097237,-0.24289049,0.25484071
-0.41438407,-0.34872812,0.24928236
0.02757971,-0.03124793,0.18739132
-0.32474427,-0.32051303,0.2723833
0.09454553,-0.22041099,0.28956606
-0.06674464,-0.27519339,0.24451318
0.19548058,1.23259364,0.22880997
-0.17125302,0.33665479,0.25915458
-0.30595622,-0.33994134,-0.11555756
-0.2162325,0.19185385,0.28889707
-0.26184487,-0.41737368,0.24757618
1.20442902,-0.40126298,-1.17011554
-0.26539556,-0.41558037,0.24767622
0.00971064,-0.20846047,0.119471
0.2213809,-0.31820839,0.24478465
0.23310343,-0.24259985,0.14592512
-0.36853259,-0.3078756,0.24142502
-0.512065,-0.3480231,0.24734142
-0.02271646,-0.21896945,0.22340043
-0.29079776,-0.27929786,0.24858103
-0.02299257,-0.09327055,-0.9583728
-0.15350855,-0.1363526,-0.70208716
-0.37273762,-0.32218315,-0.04419887
-0.33316662,-0.40689789,0.25544922
-0.32097864,-0.37200588,0.25568804
0.317908,-0.33621399,0.11817581
-0.37067862,-0.30720174,0.24326323
-0.06759519,-0.27625954,0.25068176
-0.01111285,-0.21545925,-0.47782683
-0.14683259,0.47525857,0.24603037
-0.34929791,0.30816494,0.26114714
-0.09596652,-0.45543709,0.25375726
-0.34854042,0.31400545,0.26197001
-0.05227956,-0.29431261,0.244977
-0.36839159,-0.30709761,0.24515741
-0.28069283,-0.23851736,0.22384995
-0.37372728,-0.31529752,0.24774946
-0.26172863,-0.41738955,0.24763112
-0.41816276,-0.34804353,0.25648632
-0.36553893,-0.31067307,-0.27089413
-0.07529708,-0.30257422,0.19231166
-0.0821506,-0.31083177,0.25069738
-0.37082429,-0.30762504,0.25205535
-0.37051848,-0.31150197,0.25127177
0.27168995,1.03780763,0.3231589
0.21016676,-0.18879859,0.1924468
-0.28038304,-0.03344508,0.25705658
0.1729215,0.42012213,0.25808852
-0.15822181,-0.04877588,0.25063205
-0.37122511,-0.31018077,0.24874019
-0.31262002,-0.31376161,0.22266944
-0.35047421,-0.36102773,0.26041141
-0.11358497,-0.03761722,0.22584826
1.54028169,-0.34595675,0.16925795
-0.02304583,-0.1372104,0.24946914
-0.02052173,-0.19180489,-0.3683511
0.60392796,-0.33496204,0.25904266
-0.32370276,-0.33951331,0.25180154
-0.37514633,-0.31270109,0.24783689
-0.36869846,-0.30725662,0.24546411
-0.41200971,-0.28854931,0.24389908
-0.05380009,0.21735376,-0.26513258
-0.24158112,0.16618309,0.11320575
0.19760813,0.57875871,0.17840518
-0.37052082,-0.3065447,0.24799748
-0.33083483,-0.29765326,0.24315618
-0.20602087,-0.00095255,0.26526342
-0.36771747,-0.31389284,0.24630399
-0.37062218,-0.30761701,0.25191608
-0.06111189,-0.27253587,0.21435885
-0.37595933,-0.30599948,0.24901794
-0.44922264,-0.15915077,0.25223511
-0.00576131,0.15279969,-0.07972482
-0.26513069,-0.41640392,0.24896695
-0.39188274,-0.34558616,0.24260973
-0.08220564,-0.33825433,0.26006453
-0.39229449,-0.49602306,0.26402578
-0.26800103,0.24685277,0.15907159
-0.3696131,-0.30640727,0.2448153
-0.2631396,-0.41719687,0.24696421
-0.4074956,-0.00299464,0.22947
-0.06798727,0.83566167,0.21265915
-0.33288107,-0.40698295,0.25481055
-0.37728991,-0.07030864,0.25119835
0.47055377,-0.29840555,0.02351141
-0.27448819,-0.37051234,0.4752192
-0.06995605,-0.30191738,-0.3259851
-0.06527767,1.43372889,0.17810134
-0.25032938,0.05197669,-0.09173003
-0.441525,-0.19432879,0.19441561
0.02482314,-0.0040639,0.12505963
-0.35796995,0.0024071,0.24821155
-0.3738218,-0.30386071,0.24541365
-0.36397988,-0.30947559,0.24674469
0.18553942,0.26244894,-0.09259965
-0.28954259,-0.28241851,0.12055962
0.38027373,-0.11069395,0.20993188
0.14665148,1.08151573,0.05394238
0.50489164,-0.32689592,0.19490019
0.14518711,0.67102414,0.14632747
0.19006924,-0.0377579,-0.07916682
0.59505458,0.43564244,0.20150646
0.01522671,-0.08372086,-0.60160854
-0.32480223,0.47271405,0.25630891
-0.26701519,-0.22239958,-0.0168803
-0.36934284,-0.30912608,0.2501414
0.43903995,-0.26585139,-0.30290059
-0.11102862,-0.10108244,0.21172793
-0.34306606,-0.29232078,0.23825869
-0.23723416,0.04182658,0.15498713
-0.32778462,-0.04681465,0.29113887
-0.26696667,-0.30896006,-0.43432448
-0.28942186,-0.36058709,0.25152761
-0.32917892,-0.27654929,0.18880343
-0.36362875,-0.32861148,-0.56812522
-0.5143426,-0.04289459,0.2382299
0.71495844,-0.34705757,0.15495489
0.19117739,1.306848,-0.32331001
1.61666771,-0.26162107,-0.65896236
0.02906854,0.31239756,0.25024623
0.28683441,0.39744722,-0.52054789
0.17269934,0.02276638,0.20998527
-0.2827555,-0.26927293,0.25546715
-0.29816384,-0.35648006,0.22567059
0.09488617,-0.48951679,-0.42453287
-0.19172475,0.60961087,0.2696434
-0.29086786,-0.28477099,-0.00682018
-0.30894659,0.24512591,0.03401934
-0.37030061,-0.31288254,0.2472927
-0.35182588,0.0125655,0.20579231
-0.18519781,0.40016815,-1.36864989
1.25460689,-0.08085837,-0.29343599
-0.20667376,0.07378813,-0.51592311
-0.36184348,-0.30572369,0.24779834
-0.36430922,-0.30788081,0.25083958
0.05558187,-0.45955677,0.14163722
-0.30210169,-0.25963672,0.23945912
-0.26459754,-0.42280051,0.2538875
-0.30035951,-0.15318672,0.25064095
-0.31275659,0.28227976,0.23372309
-0.04664158,-0.26946663,0.21353318
-0.18737792,-0.21809472,-0.04425569
0.94861058,0.50117678,-0.79333872
-0.27595311,-0.40887472,0.24838314
-0.33223035,-0.30594759,0.24895078
-0.17248576,-0.2364,-0.21221722
0.13874029,-0.04514898,0.15016118
-0.24936552,-0.24817001,-0.63743791
-0.42214959,-0.2314778,0.23644827
-0.35660325,0.01688635,0.18266585
-0.23876112,0.07313531,0.08232394
-0.09664133,-0.4543721,0.25422458
-0.03003208,-0.02717011,0.32695759
-0.31104804,-0.02692691,0.22805455
-0.10006073,0.48375519,-0.14670657
-0.09640537,-0.03031779,-0.16596208
-0.09740012,-0.11821519,-0.25933693
-0.37833823,-0.39169879,0.25172283
-0.3090788,0.59220521,0.26093556
0.37425411,1.54909279,0.10455822
-0.26314095,-0.41953846,0.25307149
-0.06759741,0.83691203,0.21121857
-0.03153126,-0.04956408,0.25328208
-0.13087117,0.4522747,-0.1431991
-0.38078793,-0.2879706,-0.37645841
-0.2729556,-0.03473747,0.23803697
-0.07852121,0.63751859,0.21118596
-0.30456193,-0.28315016,0.2463926
-0.26876139,-0.42089395,0.25146506
-0.03146263,-0.04957799,0.25327739
-0.26729351,-0.42357794,0.25331298
0.37231692,0.5399579,-0.58227264
-0.06701141,0.83670797,0.21111785
-0.18647633,0.05672599,-1.04804331
-0.26618148,-0.42325727,0.25354995
0.15204001,-0.34348982,0.26155096
-0.0923931,-0.04361543,0.253153
-0.23350048,0.03328887,0.47711413
0.02258279,0.3830376,0.11747792
0.66920923,0.47334146,0.06080453
-0.40512177,-0.33861564,0.24138874
-0.0966535,-0.45435837,0.25420533
-0.33104383,-0.33626795,0.25407576
0.83201959,-0.49721076,0.0159825
-0.37176913,-0.3108001,0.24278655
-0.2010205,-0.1535057,0.22165064
-0.39191659,-0.49432639,0.26397819
-0.37071124,-0.30513216,0.25167101
-0.01797733,-0.0753128,-0.47127464
-0.24757354,-0.2253504,0.19895471
0.82652142,0.79368929,0.20233459
-0.36878783,-0.30772934,0.247412
-0.34824077,0.16512868,0.24512169
-0.58443755,-0.24289087,0.19673542
-0.36863862,-0.30915133,0.24751723
-0.09962531,-0.45492502,0.25562965
-0.34532129,0.01810627,0.23859107
0.16574619,0.03236494,-0.01009615
-0.28091208,-0.24820668,0.24691827
-0.36904558,-0.30802694,0.24702724
-0.26233956,-0.31902129,0.05235719
0.21071483,-0.05389867,0.23720983
-0.29718683,-0.3725959,0.25265339
-0.26715818,-0.42353892,0.25334182
-0.09960473,-0.30717323,0.11074021
-0.05230849,-0.29441105,0.2450332
-0.26298577,-0.42233572,0.25423097
-0.38844989,0.74437736,-0.41896419
0.1452932,0.67129769,0.14549863
-0.28854762,-0.24430982,0.24835545
-0.28940197,0.04921606,0.16662161
0.05853962,-0.44559706,0.25853565
0.08720632,-0.04734055,0.26850229
-0.36907107,-0.31238566,0.24811464
-0.04510755,-0.04740005,0.24366564
-0.3745767,-0.31320773,0.25244242
-0.01815668,-0.07584071,-0.47129802
-0.33557655,-0.23216579,0.25087661
0.00406848,-0.35009557,-0.5828468
-0.26602187,-0.42321124,0.25358397
1.29641296,-0.13894089,0.08598126
-0.17307311,0.59237157,0.24593782
1.04314885,-0.56714595,-0.02454352
-0.30837959,0.59244332,0.26102925
-0.3707407,-0.31177174,0.25495076
-0.05405222,-0.27447114,0.25460598
0.15044615,-0.28851229,0.24992628
-0.42984767,-0.2147219,0.18815031
0.03559759,-0.016372,-0.59248274
0.05073103,1.14030847,0.010625
-0.09019728,0.49937789,-0.32337297
0.774709,-0.15015356,0.19212761
0.19793331,-0.06431866,-0.02189385
-0.39111009,-0.49414171,0.26234995
-0.27420578,-0.03468874,0.2391367
-0.3909893,-0.49437337,0.26131075
-0.30652622,0.59307446,0.26127757
-0.61588286,-0.04863532,0.22826398
-0.4727013,-0.14776274,0.24486549
-0.32508111,-0.22887234,0.25228241
0.89541203,-0.08788261,0.15695655
-0.06388613,-0.26654529,0.24649289
-0.26430919,-0.33688857,0.11695293
-0.39048923,-0.48939193,0.26225096
-0.04795765,-0.26220529,-0.530831
0.32934438,-0.23212584,-0.23616807
-0.37089294,-0.00725652,0.25471765
-0.21390844,0.01452085,-1.68503777
-0.4274427,-0.15612622,0.0031429
-0.29058255,-0.3467415,0.22306763
-0.30334306,0.59416402,0.26200542
1.25460817,-0.08085511,-0.29345403
0.14505569,0.67068533,0.14735406
0.08505512,0.00538482,0.15767129
-0.26497346,-0.25544034,0.23930433
-0.25986572,-0.42152609,0.25517031
-0.30078081,-0.3520735,0.11080867
-0.39583119,-0.49661467,0.26421388
-0.25977689,-0.32956681,-0.2149367
-0.33343412,-0.35514465,0.25073828
-0.28072308,-0.24146495,0.23531206
-0.2887041,-0.25150845,0.25507737
0.03056193,-0.12589046,0.02048542
-0.0479773,-0.26284446,0.30303996
-0.23375915,0.29172518,-0.22479469
-0.36839581,-0.30708283,0.24500271
-0.09872029,-0.45497479,0.25500359
-0.36860254,-0.30901865,0.23440711
-0.49847141,0.05571577,-0.09320409
0.54547279,-0.53377863,0.25804122
-0.3091178,-0.35957397,0.25517514
-0.22303754,-0.35135123,0.24985937
-0.16699526,0.37263062,0.12594687
-0.31089205,-0.25693073,0.24403788
-0.26467154,-0.42282185,0.25387172
-0.36842457,-0.30711354,0.24504029
-0.3056199,0.5933831,0.261399
-0.40616888,-0.40300944,0.24788105
-0.39788821,-0.32798163,0.2462089
1.25467275,-0.08069125,-0.29435968
-0.20125604,-0.23541168,0.28341211
0.13086729,-0.29959322,0.25025022
0.11994268,-0.1300669,0.1289528
-0.4792171,-0.37257618,0.23474302
-0.26588999,0.14178066,-0.11085481
-0.12981912,0.39418721,-2.41562226
-0.33717905,-0.28451735,-0.77840046
-0.29043993,0.7117472,0.23717838
-0.1496225,0.02847893,0.23919597
-0.36893977,-0.30648556,0.24721248
-0.36848531,-0.30915331,0.24779775
1.08879646,-0.27570406,0.35425513
-0.06766388,0.83669884,0.21146419
-0.26620541,-0.42326417,0.25354485
-0.05885269,-0.29439727,0.25097015
-0.36584841,-0.30463628,0.24310837
-0.00851407,0.06004418,-0.18724618
-0.4572193,-0.17659662,0.23844954
-0.36980248,-0.31048061,0.2518072
-0.35856059,-0.10090252,-0.36063039
-0.36204259,-0.31561773,0.23596384
-0.28839312,-0.24990499,0.24553614
-0.37319956,-0.31224118,0.24859634
-0.39486118,-0.495339,0.26233963
-0.37255834,-0.31161488,0.24939174
0.20302696,-0.03370091,0.23798416
-0.07431532,-0.30567232,0.25635652
-0.3906142,-0.49348956,0.2613918
0.15851266,-0.29005461,-0.1930847
-0.37382033,-0.00451771,-0.20566849
-0.09361597,-0.25569044,0.25199674
-0.25132305,-0.30569381,0.15957864
-0.23881467,0.07308992,0.0836797
-0.3557155,0.08927005,0.12919167
-0.08432878,-0.17038308,-0.17164964
0.82648169,0.79366346,0.20342033
-0.26514527,-0.42238191,0.25276643
-0.35569703,0.08931745,0.12909844
-0.06533693,0.53456866,0.13500177
0.54376318,-0.2407465,0.01664825
-0.47543095,0.14660833,0.04230518
-0.33197464,-0.39791414,0.24309603
0.07646062,0.24314259,-0.80423988
-0.06786385,0.8360575,0.2122031
-0.26760914,-0.42375907,0.25352017
-0.13777411,-0.16344535,-0.36787511
-0.36974926,-0.30809498,0.2400498
-0.30649879,0.59304938,0.26101624
-0.41707806,-0.31401049,0.25272673
-0.38303629,-0.32815117,0.20383684
-0.30096163,0.33721234,-0.33748774
-0.22960737,-0.29738203,0.0042223
-0.31408826,0.56064806,0.26178377
0.58650866,-0.15943011,0.12899377
0.03056777,-0.12587525,0.02083055
-0.29916452,-0.29419024,-0.53424053
-0.33185607,-0.28154465,0.24387228
-0.36842457,-0.30711354,0.24504029
-0.35001946,-0.0510344,0.24959109
-0.46307788,0.02479645,0.16958465
-0.30799822,0.59257319,0.26108034
-0.17542589,-0.27016401,0.25103207
-0.36634759,0.3741739,0.06066507
-0.37253047,-0.31150476,0.2501615
-0.306623,0.5653676,0.26286716
-0.03968835,0.4547826,-0.40147733
-0.31999222,-0.08705722,0.03918832
-0.36771986,-0.30927989,0.24372544
-0.45886873,-0.42908975,0.24840407
-0.36839519,-0.30708276,0.24500824
-0.44403033,-0.3472307,0.24591793
0.28680547,0.39740725,-0.52036176
-0.26569659,-0.41944593,0.25113531
0.13273584,-0.08815602,0.14810439
-0.07761207,0.93071907,-0.00649667
-0.39472258,-0.49468134,0.26219556
-0.06796985,0.83571753,0.21259479
-0.39512088,-0.49575453,0.26311158
-0.00409845,-0.06348876,0.05591298
-0.4228001,-0.45005554,0.24387851
-0.26776947,-0.4237152,0.25321155
0.08272948,0.39558839,-0.10395095
-0.44106551,-0.28746967,0.08904424
0.81179901,0.06126858,-0.24758053
-0.08005684,-0.30591081,0.24746855
-0.37345281,-0.31283886,0.2491452
0.03895563,0.40032454,-0.48257372
-0.05810761,-0.05954851,0.2596829
0.61365032,-0.09873939,0.2400761
-0.34322045,0.27495015,0.25432687
-0.46639999,-0.35268548,0.25571109
0.14948568,-0.28919856,0.25025761
0.01158704,-0.02330857,0.09407168
-0.04741206,-0.39679241,0.25220011
-0.38417554,-0.38121424,0.28349709
-0.05265001,-0.29557333,0.24569674
0.06601843,0.46026996,0.06555142
-0.36839519,-0.30708276,0.24500824
0.30665149,0.81356216,0.17606091
-0.04835572,-0.26243205,-0.53148618
-0.32458026,0.24642885,0.25190148
-0.09667349,-0.4553184,0.25407723
-0.33896978,-0.18267018,0.21959536
-0.27852213,0.8292597,0.26596286
0.00283647,-0.24084829,0.14914851
-0.05383481,-0.35286592,0.24229334
-0.30686025,-0.31377477,0.24751619
-0.05215387,0.20381377,-0.4504698
-0.52038169,-0.32105274,0.25049022
0.07659201,0.08112432,-0.57590791
-0.26665871,-0.42339489,0.25344825
-0.01310281,0.79308401,-0.34382047
-0.18611755,-0.02144922,0.12387744
-0.04066111,-0.26210468,0.17093546
-0.26664377,-0.42495583,0.25598729
0.28611433,1.66622239,0.15827458
-0.36839519,-0.30708276,0.24500824
-0.0963895,-0.45535439,0.25392393
-0.43140791,-0.35046955,0.25349556
-0.32915459,-0.35523728,0.23400153
-0.34952658,0.05750709,-0.16331114
-0.38195555,-0.30990711,0.12030738
-0.24619996,0.08772799,0.28085485
-0.22304924,-0.19922109,0.24991454
-0.21016008,0.49562767,0.25290766
-0.26280799,0.26259215,0.25275049
-0.28823614,-0.25113633,0.25227652
-0.41054945,-0.34961411,0.24740284
-0.04838623,-0.16200553,0.27313124
-0.26137961,-0.27933278,-0.26242374
-0.26930968,0.47704864,-1.17090593
-0.39414264,-0.33402408,0.26120126
0.13009232,-0.38149269,0.25288669
0.2795721,0.37627031,-0.26063111
-0.28226702,-0.17486332,0.05425648
-3.00E-05,-3.55E-01,5.44E-02
-0.37263081,-0.32273668,0.25535569
0.10057684,1.04441584,0.17708448
-0.01628537,0.85483458,0.23796814
-0.30665186,-0.29607587,-0.26017479
-0.29405892,-0.1695684,0.25953963
-0.539397,-0.37753646,0.25056618
-0.30695966,0.56528124,0.26459797
-0.28560952,-0.24686451,0.24628203
-0.41429156,-0.28795931,0.24972363
-0.29611366,-0.21381046,0.44002598
0.05860696,0.11109741,0.17533036
-0.45797613,-0.29367189,0.25178499
-0.37103141,-0.30900098,0.24666172
-0.09642483,-0.45440845,0.25412659
-0.01815671,-0.07583887,-0.47143592
0.07866305,-0.03714039,0.03314848