1.29840203,-0.08336764,-1.67457131
0.37168408,-0.47270063,-0.25319074
-0.57133703,0.55496171,-0.12905634
-0.00930449,-0.1873334,0.25514438
-1.59328566,-0.6821108,1.09256909
2.21762542,0.19810066,-2.11206366
0.90461776,-0.45904548,-0.53327705
0.31337151,-0.44069584,-0.21845654
1.64534523,-0.25693675,0.02428408
-1.39330293,-0.31306903,0.83826767
1.52941096,-0.11513079,-1.2123534
-0.75098616,-0.59876218,0.21689589
0.68647471,-0.41939367,-0.17697485
2.50299072,-0.1303649,-1.11116517
0.36671119,-0.29805694,-0.90194046
-1.22391102,-0.4203318,0.78406034
-1.19283027,-0.14722148,0.70380502
-1.30317491,-0.44825346,0.85540844
-1.29485038,-0.39059994,0.81907161
0.12202722,2.11589394,-0.05794702
-0.20446586,-0.26152508,-0.20565694
-1.22273467,-0.40989392,0.77847412
-1.37525835,-0.41555468,0.87961746
-1.23836688,-0.20178226,0.7830815
0.62483588,-0.00268519,-0.29638534
2.27916114,-0.40602498,-0.37665311
-0.62692858,-0.33886536,0.2180504
1.19095843,-0.50046668,-1.05513634
1.72537369,-0.23582603,-0.24891596
-1.32663427,-0.45763098,0.8768213
0.74363547,-0.38502693,-0.30500673
-0.88403154,0.17983446,0.23897895
-0.47439646,0.11521992,-0.17917561
0.03983331,-0.15941869,0.07100469
1.12309454,-0.34400576,-0.02154097
1.68453144,0.11799224,-0.8875413
-0.10740076,-0.22159343,0.04650402
1.19139817,-0.50066807,-1.05639946
0.18001045,-0.06489527,-0.11139931
-1.28318826,-0.31046218,0.67307617
1.06794416,-0.38050367,-0.96299147
-1.04789687,-0.30292078,0.27227792
1.03277983,-0.1873291,-0.45324975
0.33808173,-0.40273863,0.30082727
-1.3229566,-0.46285173,0.87460901
-1.3229566,-0.46285173,0.87460901
-1.28532252,-0.39575513,0.81457937
-1.29806954,-0.39423695,0.82667102
-1.06686899,-0.25799989,0.4964614
0.37019267,-0.23040126,-0.80801069
-0.88481006,0.54956726,0.34360397
2.4969198,-0.41675033,-0.77336267
1.17124392,-0.49975238,-1.03863336
-1.3229566,-0.46285173,0.87460901
-1.5581762,-0.50333249,1.0654801
2.3989483,-0.32151399,-1.06507821
0.10412557,-0.35684649,0.24675208
-1.19613293,-0.38770256,0.53920144
-1.12185832,0.50654568,0.58931824
-1.3229566,-0.46285173,0.87460901
-1.11848447,2.44420503,0.28957568
0.35671239,-0.39506367,-0.68891713
-0.29291066,-0.39797127,0.27375117
0.24134893,-0.02743036,-0.3917279
-0.35422818,-0.14522602,-0.09965998
0.12137076,-0.2612873,-0.26033164
-1.43792868,-0.36945961,0.94334928
1.7181183,-0.05211478,-0.95137183
-0.09617462,-0.31965718,-0.51518301
-0.98478803,-0.09533543,0.4172538
-1.3229566,-0.46285173,0.87460901
-1.12085908,-0.1994098,0.59360141
-0.97553191,-0.15737187,0.35909136
-1.3229566,-0.46285173,0.87460901
1.26355312,-0.36197855,-0.42129892
-0.89443794,0.17952408,0.25158339
-0.35947288,-0.10282434,-0.22526565
-1.3229566,-0.46285173,0.87460901
-1.3229566,-0.46285173,0.87460901
0.00548289,-0.19232558,-0.12083959
-1.1954937,-0.18128478,0.73503826
0.28000212,-0.28158199,-0.05428567
0.34175586,0.03324882,-0.69791875
-1.3229566,-0.46285173,0.87460901
-1.10299342,-0.27786373,0.53190378
1.83618895,-0.20947352,0.49275118
-1.2831271,-0.42205723,0.80234944
-1.3229566,-0.46285173,0.87460901
0.77420382,-0.22104881,-0.36864796
-0.97054715,-0.17400043,0.44427777
-1.21758975,0.06312329,0.74851161
-1.30366038,-0.30658916,0.81088415
0.36195495,-0.45668644,-0.4017307
-0.84056747,-0.18542109,0.26778846
-1.2563667,-0.35689338,0.77396649
-0.9229417,-0.41555035,0.40549247
-1.23097491,-0.42037553,0.79033323
0.31392717,-0.41601326,0.16335283
0.76222518,-0.22490877,-0.91349815
-1.30772294,-0.45107787,0.86010352
0.18093184,-0.47755223,0.06212872
1.44321675,-0.37609357,-1.88996387
-1.3229566,-0.46285173,0.87460901
0.82868479,0.75376399,0.16370869
-1.3229566,-0.46285173,0.87460901
1.64931142,-0.13522116,0.48484593
-1.2700731,-0.4107531,0.81808245
-0.01979968,0.59827752,0.84923567
0.71654032,-0.08421633,-1.11958154
0.01092299,-0.41285714,-0.18884419
0.35037423,-0.19536408,-0.48979921
-1.3229566,-0.46285173,0.87460901
0.08372909,-0.20757632,-0.1797894
0.0828197,-0.50535902,-0.38824466
-1.07971412,1.36404218,0.5483261
-1.31169632,-0.44240792,0.8617338
-1.3229566,-0.46285173,0.87460901
-1.18902466,-0.34599245,0.73239859
0.08205837,1.91123127,-0.40365043
3.83954099,0.36670039,1.11996062
-0.87312012,1.74567717,0.31890111
1.34034838,0.05309714,-0.43339912
2.48632122,-0.12259426,-2.60631811
-1.3229566,-0.46285173,0.87460901
0.41822714,-0.481809,-0.15714939
-0.20394393,0.05493665,-1.27545036
-0.05894016,-0.51225643,-0.52741349
-1.27550295,-0.39694059,0.80851097
-1.3229566,-0.46285173,0.87460901
-1.3229566,-0.46285173,0.87460901
-1.3229566,-0.46285173,0.87460901
0.29244997,-0.28903033,0.07746216
1.69927184,0.22080543,-0.28296669
0.50013044,-0.25175506,-0.74367394
0.50006524,-0.50328458,-0.47768833
-0.48382764,0.08505983,-0.19525415
-0.31395453,0.19208406,-0.62007109
-1.1684464,-0.33965763,0.60969851
-0.89631017,-0.19092428,0.35705779
0.86980814,-0.37296929,-0.9085325
-0.33884053,-0.43339649,-0.66922549
1.19975168,-0.35874509,-0.12525899
0.44913875,0.35075892,-0.81586328
1.78969412,-0.15866442,-1.84160734
-1.3229566,-0.46285173,0.87460901
-1.11573756,0.47000695,0.56084577
-0.7356365,-0.20524844,0.13861154
1.37350126,-0.38581729,-0.48274493
-1.24578895,-0.41789687,0.8017087
-1.3229566,-0.46285173,0.87460901
1.4333681,-0.30341902,-0.53663408
1.60601311,-0.1475261,-0.72337043
-1.27899713,-0.41662924,0.82355713
-0.84280488,0.15756999,0.39053569
-1.2691919,-0.42484335,0.81270738
0.35637056,-0.47196634,0.0931638
-1.27562809,-0.41584981,0.82123822
-0.97576817,-0.22085333,0.33822102
1.53070606,-0.38754657,-2.04498651
-0.40403447,1.36691519,-0.26889602
-0.98015063,-0.22263751,0.34263021
-1.24489152,-0.42957737,0.80347461
-1.29010063,-0.41985585,0.83837688
-0.9901751,-0.22560465,0.3534414
-1.06745653,0.21811544,0.58683369
3.06834986,0.49809204,-0.25869674
-0.63442144,-0.45424631,0.27824591
0.40880603,-0.22825663,-0.81880406
-0.77796264,-0.24920331,0.19168902
9.79E+01,-4.60E-02,6.55E+01
-0.86669794,0.06420023,0.22886758
-0.66976177,0.25466017,0.20417004
-0.97178604,-0.47487942,0.33365948
1.90177801,-0.24189562,-1.74465508
-0.20884122,-0.14332036,-0.05387123
0.89704628,-0.05478388,-1.03360971
-1.08705089,0.12835081,0.47422451
-0.81318519,-0.40418327,0.08247785
-0.73459089,-0.01902514,0.06232609
-1.16118963,-0.24847504,0.6186619
1.26324251,-0.27747102,-0.14282278
-1.1831469,-0.52338022,0.76593813
0.14896087,-0.3843023,-0.63900949
1.67959307,-0.36758835,-1.00463417
2.09340388,1.197899,-0.8267896
-1.20891242,-0.49518993,0.67735905
2.3047239,-0.25791322,-1.15729997
-1.22273473,-0.40989388,0.77847415
-0.79897068,0.04079288,0.10794738
-1.16402828,0.24760654,0.69618202
-1.24957348,0.83712931,0.78778426
-1.3931715,-0.31302796,0.83869651
0.87640501,-0.05030818,-0.17952724
1.18719837,-0.50047726,-1.05269731
2.41200953,-0.06980555,-0.566952
0.06854857,-0.46609165,-0.0124403
-1.23213312,0.26757832,0.76166826
-1.5625744,1.96523448,0.96456697
-1.3229566,-0.46285173,0.87460901
-1.3229566,-0.46285173,0.87460901
0.03173889,-0.47849748,-0.20103656
-0.83934677,-0.23456505,0.20003421
2.17351531,0.16860875,0.0166511
1.0999852,-0.33431349,-0.79567438
0.76154275,-0.43193095,0.57295198
-1.3229566,-0.46285173,0.87460901
-0.81274048,0.60521287,0.2000251
-1.12006024,0.26214554,0.60057189
2.79811777,0.28821345,-0.83778392
2.06277618,1.18902249,-0.62740795
1.9793237,-0.57892833,-1.27254325
-1.44542686,-0.46019622,0.96248956
-1.30662714,-0.38933803,0.82962681
-0.91417821,-0.30441089,0.18667874
-1.08015992,0.52739824,0.4282096
1.44239113,-0.21000256,-0.25064537
1.74421811,1.99785047,-0.76703818
-1.22816664,-0.20711971,0.79289586
-1.19064128,0.46655913,0.71174402
-0.92561512,-0.19169942,0.44975284
0.27112324,-0.36866381,-0.71482626
-1.27096936,-0.37802025,0.8009214
-1.15145104,-0.09360852,0.63529643
-1.22267868,-0.16998752,0.77177043
2.66924094,-0.31176011,-1.01013408
1.84391084,-0.22660097,-1.56568335
-1.31856389,-0.45718268,0.86968641
-1.04345761,0.06454606,0.35061101
2.50295509,-0.13035949,-1.11111678
0.90235476,-0.43812262,0.99514729
-1.2802677,-0.43559004,0.83387554
-1.23634806,-0.25162416,0.72452327
-1.33768804,-0.23933375,0.83834602
0.3808868,0.20898144,-0.30647539
-0.8396333,0.16253677,0.24264885
0.40628102,-0.16155556,0.07420965
0.40568009,0.00698521,0.47895698
-1.25094437,-0.41710243,0.80175764
-1.3229566,-0.46285173,0.87460901
2.20937388,0.19777248,-2.10698193
0.04165135,0.12583313,-1.14819365
-0.43167819,0.15369062,-0.13019373
-1.3229566,-0.46285173,0.87460901
-1.26553876,-0.4094886,0.81126246
1.05782947,-0.37044454,0.11335922
-1.24324843,0.04302267,0.77888566
-0.99913183,-0.28576731,0.48768402
-0.28240787,0.30800221,0.35506233
2.4324708,0.62003737,-0.94578698
4.1680777,0.64080335,0.17300654
2.02674557,0.78273899,-1.41556402
-1.19173815,-0.49259577,0.7399294
-1.31270476,-0.34700646,0.77204527
0.53638996,-0.27194613,-0.01411616
-1.3229566,-0.46285173,0.87460901
0.30029674,-0.40958567,-0.13663093
2.50891744,-0.1312644,-1.11921403
-0.12291241,-0.18334266,0.53465045
1.68489008,-0.56372558,-1.11275309
-0.73228634,-0.41850579,0.2075633
-0.53050793,-0.02992265,-0.01718641
0.79585923,-0.29170387,-0.54854489
1.01736476,-0.21142617,-0.17309795
1.26508176,-0.35012965,-0.30789926
-1.3229566,-0.46285173,0.87460901
-0.31152139,-0.03908562,0.4169722
-1.22026633,-0.41842856,0.78118752
-1.3229566,-0.46285173,0.87460901
-1.26386091,-0.39632691,0.80028726
-1.3229566,-0.46285173,0.87460901
0.7707136,0.75843066,0.25587053
1.4878034,-0.376951,-1.11419004
-0.01878632,-0.55292227,0.13265312
1.85297127,-0.33011871,0.40672426
-1.33528824,-0.40111823,0.87004313
-1.3229566,-0.46285173,0.87460901
-1.3229566,-0.46285173,0.87460901
-1.3229566,-0.46285173,0.87460901
0.11078407,0.9032905,-0.38572712
-1.20432945,0.86003058,0.73533973
0.59297633,-0.51000549,-0.5214396
-1.33387283,0.98518651,0.81315486
-1.3229566,-0.46285173,0.87460901
-1.26245616,0.7813632,0.79878651
-1.3229566,-0.46285173,0.87460901
-1.3229566,-0.46285173,0.87460901
-0.86656649,0.22764958,0.29924846
0.97459817,-0.33528252,-1.32567357
0.19233717,-0.21831682,-0.47144672
0.70381298,-0.33718288,0.08491343
0.44811546,-0.57677233,-0.14652221
2.20577498,0.32042545,-2.50389933
1.54709907,-0.35203484,-0.24435115
-1.3229566,-0.46285173,0.87460901
-1.3229566,-0.46285173,0.87460901
1.1900736,-0.50060789,-1.05523184
-1.61177363,2.04737458,0.98152312
0.6232578,-0.11174512,-0.75277384
-1.26749171,-0.42227195,0.81779619
2.4303316,-0.07251715,-0.57104449
-1.22491334,-0.27055257,0.73855133
-1.26876355,-0.40574713,0.81554775
-1.2809301,-0.21387231,0.75440913
-1.3229566,-0.46285173,0.87460901
-0.33176005,0.3158021,0.12671106
2.04719074,-0.40273557,-1.02161689
-1.29923863,-0.07453648,0.78616265
-0.23872958,-0.17178384,0.35814404
-1.3229566,-0.46285173,0.87460901
1.4042628,-0.36742468,-0.91070756
2.15864359,-0.23255039,-1.77363356
1.19837833,-0.14967442,-0.76261522
0.54199683,-0.6100753,-0.45675803
-0.88809145,0.17947394,0.24373081
2.50293587,-0.13035658,-1.11109068
-1.3229566,-0.46285173,0.87460901
0.37491512,0.9275681,-0.96792758
-1.27876135,-0.41315306,0.82849368
-1.3229566,-0.46285173,0.87460901
-0.57025041,0.75712072,-0.08588435
0.31637679,0.23558008,-0.84379282
-1.1973697,-0.34159465,0.76373353
-1.3229566,-0.46285173,0.87460901
0.61931547,-0.18620881,-0.07643722
-1.09513597,0.00733622,0.55419676
-1.0924808,-0.48932533,0.55296236
-0.48083054,-0.11067796,-0.02468672
-1.3229566,-0.46285173,0.87460901
-0.9145819,0.17712153,0.27473622
1.60690839,-0.18780774,-0.38417169
0.16236137,-0.4151528,-0.4755174
-0.59378447,-0.13365434,-0.21670974
1.11817125,0.55125155,-1.20850358
-1.29484269,-0.39145617,0.81070604
0.22130936,-0.49055231,-0.77709251
-1.25992711,-0.41065399,0.81005441
-0.60590666,-0.26437671,-0.01160458
-0.9059128,0.09816078,0.4269964
-0.65534474,-0.38566394,-0.15250883
-1.3229566,-0.46285173,0.87460901
-1.27250566,1.41550629,0.84024141
-1.28693471,-0.41688766,0.83464499
-0.13174956,-0.29727343,-0.88565025
1.50571112,-0.13302445,-1.95431353
-1.22201814,-0.41958555,0.78285965
-0.64874788,-0.20073932,-0.06057552
0.81464324,-0.5421907,-0.05908574
1.68842854,0.04417844,-1.16078694
3.24079484,0.3497,0.9705318
1.42015723,-0.21595418,-0.51694245
-1.21696231,-0.41599038,0.77598478
0.20236157,-0.30184037,0.36224968
-1.25929087,-0.4145088,0.80808073
0.5424708,-0.2446277,-0.00964554
-1.1844657,-0.40595384,0.74921478
-1.28098432,-0.27995732,0.73885965
-1.21540418,-0.41892299,0.77740963
-1.39354104,-0.31314343,0.83749077
-1.3229566,-0.46285173,0.87460901
-1.22878337,-0.55508878,0.72943317
-0.61845304,-0.41921581,-0.4080198
1.22764494,-0.18888301,-1.2078816
1.11867087,-0.44790273,-0.55081707
2.4627307,0.20356498,-0.91668318
1.88172381,0.93558611,0.25171378
-0.81309259,-0.29966144,0.25472281
-1.21763668,-0.41351863,0.7759096
-1.40572464,-0.39139499,0.89853456
2.50428308,-0.13056104,-1.11292028
1.75697569,-0.27305871,0.26548793
-1.18765518,-0.47906185,0.75214492
0.2011393,0.37868028,0.12478772
-1.3229566,-0.46285173,0.87460901
0.38488386,-0.17818223,-0.55591907
-0.25358736,-0.3809439,0.6865493
-1.3768978,-0.337834,0.77610709
0.21763923,-0.37375106,-0.85256357
1.86176325,1.15125126,-0.71489142
-0.9675981,-0.2955057,0.41281056
-1.03049087,1.09446125,0.48263988
-0.37772565,0.01095887,-0.34937351
0.3512686,-0.23728578,-0.42023731
-1.3229566,-0.46285173,0.87460901
-0.51271251,-0.14974946,0.41839504
0.60280238,-0.3144081,0.23893309
9.07E-04,-2.11E-01,-1.05E+00
0.11333084,-0.51558791,-0.0389363
-0.83122708,0.1845236,0.17717465
0.69880301,-0.33691744,0.09146589
0.71108576,-0.0496209,-0.73301631
2.00039906,-0.15269194,0.37577752
-1.41168512,-0.46296009,0.93741895
2.25372782,-0.02762733,-0.59638929
0.93117799,-0.24777338,-0.38563276
2.63049185,1.75225566,-2.02807748
-0.74124495,0.06589752,0.02066077
-0.72813517,-0.24664971,0.09267777
-1.24479946,-0.42791994,0.80263516
-1.23544089,0.01458867,0.74287307
-0.84284547,0.08124116,0.17230373
-1.15718484,0.58031494,0.6398229
0.21750891,-0.25607976,-0.82030495
2.30690546,-0.41459035,-2.67925313
-1.26389693,-0.41246553,0.80641008
-0.84041475,-0.30033551,0.28008868
2.79720564,-0.18487232,-0.09049104
0.93657322,-0.21800496,-1.47517445
1.93683657,-0.40526881,-1.70081956
0.48286559,-0.06478144,-0.57850414
-1.23275722,-0.31482741,0.73907197
-0.52865375,-0.25831354,-0.05079524
-1.3229566,-0.46285173,0.87460901
-1.14472064,0.60224793,0.6828841
0.49237276,-0.44432695,0.12606958
-0.2453562,-0.27804634,-0.16248956
-1.50448593,-0.47341528,1.01520992
3.36227989,0.68212936,-2.38357822
0.5585157,-0.17892407,0.2097717
-1.03554783,-0.371726,0.63747353
0.63079794,0.70614486,-0.59618642
2.49541284,-0.41659384,-0.77179225
-0.91269046,-0.31640758,0.41234749
1.14160721,-0.42849369,0.57772468
0.3660112,-0.50529643,-0.99126173
-1.32361286,-0.43226659,0.8635757
1.92008152,-0.32537507,0.74535779
-1.04152561,-0.19333113,0.4671603
-1.3229566,-0.46285173,0.87460901
-1.24780364,-0.41573513,0.7983322
-0.4921107,0.12908334,0.45067497
-1.3229566,-0.46285173,0.87460901
-1.25454597,-0.41926485,0.80827108
1.81015135,-0.20881175,-0.50103216
-1.3229566,-0.46285173,0.87460901
-0.30244595,-0.4341326,-0.70120378
-1.3229566,-0.46285173,0.87460901
-1.33730982,-0.39850414,0.86161229
-1.24443639,-0.05744865,0.74556714
-1.3229566,-0.46285173,0.87460901
0.41871372,-0.28240564,-0.24923252
-1.3229566,-0.46285173,0.87460901
-1.3229566,-0.46285173,0.87460901
-0.61281551,-0.29834472,0.45809173
-0.46129286,-0.34799421,-0.08008988
0.44081145,0.11110943,-1.18408195
-1.11872205,2.44520731,0.2913669
-1.25073597,-0.40876745,0.80096329
-1.29904173,-0.40426332,0.78256785
-1.3229566,-0.46285173,0.87460901
-1.21387858,-0.42356452,0.77875199
0.54061925,-0.20860981,-0.45247249
0.13119556,-0.3537766,0.21636752
-0.37848484,-0.46394889,0.54739496
-1.07378974,-0.30659476,0.5974507
-1.28375381,-0.51901588,0.76913993
-1.22519558,-0.41323897,0.78430163
0.9178676,-0.34067727,-0.69385091
-1.3229566,-0.46285173,0.87460901
-1.22869917,-0.55479678,0.72782671
0.22292018,-0.57245018,-0.77172287
-1.0960874,-0.21055018,0.6816817
-0.56792633,0.03139073,-0.11277083
0.82876808,0.5214687,-0.64909575
-0.82232991,1.96812628,0.30711632
-0.88204485,-0.39057885,0.31987233
-1.02125497,-0.46093507,0.55634603
0.16075061,-0.10333843,-0.36869714
-1.20317038,0.46728574,0.7284549
1.34025924,-0.19768916,-1.3061579
-0.54187534,-0.15620195,0.33348765
-1.3229566,-0.46285173,0.87460901
-0.92288657,-0.17092189,0.40131913
1.03532889,0.64858319,-0.43631158
1.35021376,-0.20972075,-0.77003141
-1.3229566,-0.46285173,0.87460901
-1.1454049,-0.47411453,0.74486379
-1.2905064,-0.43845178,0.84066567
-0.21355025,-0.47154544,0.21069288
1.23691971,0.27125194,0.0021793
2.61623767,1.76344416,-2.03786637
-0.63728098,1.62871611,0.26042576
-1.3022166,-0.3703815,0.82263944
-1.27731615,-0.41004997,0.82236669
-0.02672343,0.07648039,-0.00637168
0.3043496,0.24783088,-1.21854067
0.86466807,-0.25640723,-0.3929265
2.50518273,-0.13069758,-1.11414206
-0.8348006,0.07773918,0.26602521
-1.3229566,-0.46285173,0.87460901
2.497001,-0.41675876,-0.7734473
0.73736294,-0.32496319,-1.03004596
-1.18668288,-0.40471276,0.69200528
1.29363078,-0.4451987,-0.14051613
-2.81484259,51.53482926,2.79804176
-1.24541318,-0.40699994,0.79717842
-1.32573714,-0.32932173,0.79126202
-0.30537196,-0.43783048,0.17073216
0.55937171,-0.17906174,0.20891411
0.31413259,-0.46096214,-0.70309176
1.64622483,-0.02869975,-1.33941208