-1.18986599,-0.20821603,0.70043641,1
1.54500615,-0.1509319,-1.47319896,1
1.46917562,1.12082584,-1.8879236,1
-0.85861618,-0.29944716,0.31412643,1
0.90742065,-0.3088961,-0.16107315,1
4.67510984,0.20949505,-3.19054318,1
-1.33350783,-0.41123838,0.85267625,1
-1.26344932,-0.58086051,0.76654444,1
1.1900184,-0.50060538,-1.05518318,1
1.09395561,-0.35699228,-0.02872081,1
2.09675584,0.28414572,-0.9328074,1
0.57556586,-0.25279186,-0.49764094,1
-0.97414839,0.85937555,0.43147389,1
-0.82514374,-0.37020848,0.28195595,1
1.20424925,-0.50125195,-1.06772776,1
2.1435245,-0.00558141,-0.61925833,1
0.91765787,-0.3558051,-0.73197635,1
3.04842031,0.33832646,-2.28606703,1
1.7594707,0.27138826,-0.76232975,1
0.98944097,0.06166295,-1.66353813,1
-1.42265285,0.47219262,-0.91797567,1
-0.57179905,1.61618092,-0.08245295,1
1.36867098,-0.32165389,-0.44363418,1
-1.23954239,-0.42235525,0.79664761,1
-1.28725736,-0.2100186,0.81439254,1
-1.35247597,1.83287633,0.84952144,1
0.8606962,22.5902569,-0.24309176,1
-1.01808261,-0.20648389,0.54699452,1
2.8262403,0.73015711,-2.96386232,1
-1.22839672,-0.55374785,0.72205591,1
1.91338789,0.15370292,-0.93366785,1
-1.41079752,-0.46295756,0.93671787,1
-0.98351481,-0.09486768,0.41620346,1
-0.3357512,-0.04839883,-0.18367374,1
1.1973957,-0.50094056,-1.06168632,1
1.34026553,0.14734498,-0.78053455,1
-0.98012011,-0.22161455,0.34344457,1
-1.3229566,-0.46285173,0.87460901,1
-1.36554316,-0.4702436,0.90825209,1
-1.02573538,-0.44271896,0.53038756,1
-1.08015992,0.52739824,0.4282096,1
-1.23419609,-0.36223094,0.79853714,1
1.20154471,-0.50112907,-1.06534369,1
-1.3229566,-0.46285173,0.87460901,1
-0.63919484,0.73196023,-0.01308819,1
0.90120762,-0.38594141,0.15669188,1
-0.3633184,-0.10446765,-0.22166493,1
-0.27188312,-0.0308629,0.35850853,1
-1.27686538,-0.382544,0.80148878,1
0.90671039,0.26739535,-0.56912525,1
-1.13757463,1.14264388,0.63484936,1
-1.26909573,-0.43248408,0.82269499,1
1.06942323,-0.38075172,-0.9640677,1
1.11676496,-0.16847014,-0.68830987,1
1.19274434,-0.50072923,-1.05758612,1
-0.49048608,-0.31096732,-0.12934536,1
0.62865484,-0.45976209,-0.31087854,1
-1.23986492,-0.41451145,0.79692446,1
-1.29783662,-0.39984014,0.8318224,1
-1.51275616,-0.36305653,0.99743736,1
-1.29632386,-0.43497308,0.84343506,1
0.67960527,-0.41934896,-0.17487295,1
2.81190994,-0.58370451,-0.6622979,1
-1.3229566,-0.46285173,0.87460901,1
-1.21124955,-0.4142723,0.77283322,1
-0.57736233,0.01574508,0.3617385,1
-1.3229566,-0.46285173,0.87460901,1
1.00791437,-0.3022647,-1.29577579,1
0.96024694,-0.2159075,-0.05449311,1
-1.3229566,-0.46285173,0.87460901,1
-1.11848447,2.44420503,0.28957568,1
2.06075545,1.19839287,-1.04495057,1
-0.89384207,0.17896327,0.25046156,1
-1.3229566,-0.46285173,0.87460901,1
0.15411064,-0.41399954,-0.13605338,1
-0.95270846,-0.15463485,0.33713619,1
-1.3229566,-0.46285173,0.87460901,1
-0.83437447,-0.09230064,0.10036451,1
1.86778743,-0.39485708,-0.28767816,1
0.12703314,-0.25170149,-0.58898569,1
-0.97654254,-0.39877022,0.49346903,1
1.70793791,0.7864568,-1.00701865,1
-1.19350055,-0.30649169,0.75616734,1
-0.80810142,0.85377056,0.09709197,1
-1.27846296,-0.70307444,0.79825675,1
-1.3229566,-0.46285173,0.87460901,1
-1.16712325,0.21439398,0.67432045,1
-1.29580667,-0.41409539,0.82974699,1
1.24491266,-0.26448491,-0.88713282,1
-0.88392587,-0.29800167,0.35508029,1
-0.78192328,-0.37467879,0.24901631,1
1.83209279,0.24474972,-1.10738879,1
1.046759,-0.3647192,0.1147429,1
-1.30247961,-0.37460518,0.7719442,1
0.39410216,-0.23196393,-0.30530379,1
-1.23779311,-0.41907734,0.79538262,1
3.04046463,-0.02622444,-0.02463161,1
2.55775098,-0.35545387,-2.0882588,1
0.47952039,-0.27279694,0.06741581,1
-1.34351768,-0.33335216,0.80054134,1
-0.61103225,0.6172646,0.51851107,1
-1.3229566,-0.46285173,0.87460901,1
-0.14917214,-0.38623683,0.00150603,1
-1.16245799,-0.33322082,0.58001964,1
0.95165098,-0.32936846,-0.90854056,1
-0.63399677,-0.25056729,0.10947413,1
-0.07609076,0.32236765,-1.02827555,1
0.10125838,-0.14853884,0.12362511,1
0.24400588,-0.29016879,0.10415611,1
1.58381202,-0.24881361,0.19199645,1
1.75615198,-0.242253,-0.13111376,1
-1.29759376,-0.37579416,0.80981968,1
-1.24521729,-0.29828942,0.74595636,1
-0.24103571,0.9892984,0.11720241,1
-0.03315123,-0.60884389,-0.17829214,1
-0.94067688,-0.16163397,0.49227154,1
0.13721106,-0.31236269,-0.13784283,1
-0.79010224,0.86990837,0.11117493,1
-0.05614155,-0.1322435,-0.74328666,1
-0.22567802,-0.29304811,-0.73679653,1
-1.2541266,-0.31093709,0.75545434,1
0.43352931,-0.07109238,-0.89277659,1
-0.62845758,-0.38521528,-0.14796615,1
-0.31986631,-0.19584243,-0.16306009,1
1.20569629,-0.50131769,-1.06900333,1
-1.23332214,-0.4208998,0.79326042,1
-0.92770867,-0.23917124,0.35260451,1
-1.12747092,0.5212384,0.63330036,1
-0.73515185,-0.20099298,0.02193538,1
-0.9888548,-0.15871169,0.37331537,1
-0.3384863,-0.38651313,0.16368359,1
-1.23748839,-0.27145067,0.73248069,1
0.5482434,-0.38576292,-0.18813344,1
-0.5696511,-0.24337689,-0.04527317,1
4.21934089,1.0787017,-1.05232224,1
0.20077791,-0.3786661,0.62441242,1
-0.73984788,-0.03050539,0.08278503,1
2.18581349,0.19683545,-2.0924722,1
-1.28570093,-0.6221752,0.73192308,1
-1.23448481,-0.41625174,0.6860136,1
-0.91689522,-0.08730637,0.32725965,1
2.6684043,-0.30411946,-1.3205963,1
-1.1789948,0.71981951,0.6226691,1
-1.03422299,-0.26254381,0.5649966,1
-0.9923577,-0.31866372,0.52715124,1
-1.24829726,-0.41605918,0.80010247,1
0.42904078,-0.45783683,-1.21370258,1
-0.54392281,-0.34483693,0.53129236,1
2.59412362,1.75785545,-2.03658349,1
-1.3229566,-0.46285173,0.87460901,1
-1.05036327,-0.29024388,0.45528477,1
-0.92072657,-0.35617065,0.37511099,1
-0.76522459,-0.39381515,0.04633454,1
-1.23056648,-0.43757221,0.73748076,1
-1.24666386,-0.40627301,0.79497661,1
-1.29674514,-0.4349262,0.84369571,1
0.44176237,-0.06604984,-0.54085501,1
-1.19152172,-0.40920841,0.7560591,1
0.39463578,-0.4146359,-0.03087704,1
-1.44135782,-0.3696818,0.94583378,1
-1.29164779,-0.43381821,0.83787474,1
-1.3229566,-0.46285173,0.87460901,1
-0.71589335,0.00615709,0.11832812,1
0.26185305,0.88206443,-0.12835713,1
3.1437183,-0.43314981,-1.47747182,1
0.11546651,-0.24637793,-0.6086102,1
-1.01628895,-0.29766816,0.45340076,1
2.09634131,0.2100901,-1.63333714,1
-1.28550246,-0.16363539,0.81721454,1
0.69336112,-0.60374454,-0.45052493,1
1.60626223,-0.25248895,-1.04337942,1
-1.25725366,-0.43172125,0.81420847,1
-0.97068746,-0.09015521,0.40562159,1
-1.12662134,0.30466247,0.65079124,1
2.61488223,1.75869218,-2.07063948,1
-0.07932176,-0.22095079,-0.17205502,1
-1.2964962,-0.40282376,0.82891221,1
-1.27940893,-0.22517058,0.78719837,1
-1.28555745,-0.40222907,0.82333588,1
-0.80958543,-0.23878889,0.56954279,1
2.62051885,-0.13651717,-1.25915705,1
0.39141905,-0.59246942,-0.22441613,1
-1.27563932,-0.38842342,0.80477802,1
-0.91981388,0.03183628,0.37187708,1
0.21615369,0.10794501,-1.10753684,1
-0.31971966,-0.41481716,0.65201563,1
-0.98459536,-0.22451393,0.34727781,1
0.79392394,0.20946503,-1.46122181,1
1.36864466,-0.20824,-0.78553567,1
2.77468362,-0.18646631,0.82028697,1
-1.19870967,0.01115663,0.73450808,1
-1.26646984,-0.3671032,0.79912134,1
1.74917472,1.99669902,-0.76975282,1
-1.19821148,-0.33517808,0.67635662,1
-1.23956068,-0.40404609,0.79532036,1
0.11587039,-0.31385534,-0.53237734,1
0.64781588,-0.1582563,-0.82007598,1
-1.25912561,-0.41072193,0.80943546,1
0.58669684,-0.21548968,-0.42020985,1
-0.2424969,-0.17184865,0.35964487,1
1.11515719,-0.07035186,-2.05219321,1
-1.28048153,-0.41078273,0.82630367,1
-1.21248862,-0.12300748,0.65456773,1
-1.0126859,-0.42032892,0.48553474,1
-1.24773741,-0.32009591,0.75053012,1
0.19981192,-0.57147049,-0.16801154,1
0.49018447,-0.24964946,-0.93869038,1
1.22337066,-0.0758149,-0.87946206,1
-1.3542649,-0.00227253,0.87737653,1
-0.881585,-0.45055574,0.32688184,1
-1.04528029,-0.37798,0.54403613,1
1.93300098,-0.48008227,-2.11362869,1
1.71179251,-0.53269556,-0.88796246,1
0.21835678,-0.26294062,-0.02729856,1
0.60575243,0.35095067,-0.02400794,1
-1.56277619,1.96525033,0.96477134,1
-1.15808059,-0.02049499,0.62623147,1
-1.33022956,-0.3520806,0.83041999,1
2.0457109,1.28539187,-2.84309758,1
-1.22052524,-0.41643086,0.78086475,1
1.94394587,-0.47824934,-0.04241634,1
0.82789324,-0.07699879,-0.58066537,1
-1.3229566,-0.46285173,0.87460901,1
1.57393946,0.12224676,-0.38499292,1
-1.27092576,-0.42689725,0.82459197,1
-0.64677466,-0.29563583,0.01325477,1
1.54425372,0.05584186,0.15206397,1
-1.3229566,-0.46285173,0.87460901,1
-1.42007648,2.87210421,0.84463306,1
1.52939354,-0.19274717,-1.53635466,1
1.88813782,-0.19701433,-1.84333071,1
1.72137307,-0.0686554,-1.3439603,1
-1.17951916,-0.38851199,0.72098449,1
-1.20056744,-0.39190368,0.74852003,1
-1.18849296,-0.18206391,0.73070686,1
1.18873962,-0.50054728,-1.05405593,1
2.43208517,-0.0727822,-0.57142166,1
-0.24111306,0.98931235,0.11726966,1
2.27563588,-0.11724254,-1.21420586,1
-1.29582025,-0.38585095,0.81028573,1
1.55040262,0.80964579,-2.31322438,1
0.82175756,-0.47898572,-0.3479962,1
-0.9727211,-0.296892,0.29686587,1
-1.21256924,-0.41705165,0.77440472,1
-0.30972222,-0.31468353,-0.71469459,1
-1.21720748,-0.30743793,0.71630561,1
-1.32231551,-0.3105597,0.81678567,1
-1.07550261,-0.24459714,0.55600509,1
2.08629255,-0.16443726,-2.46766507,1
-0.28444749,-0.18123947,-0.93912594,1
-1.3229566,-0.46285173,0.87460901,1
-1.01007124,-0.32306675,0.54562084,1
1.44705548,-0.28601764,-0.58356748,1
-1.3229566,-0.46285173,0.87460901,1
-1.30054936,-0.35972301,0.79354378,1
0.18733856,0.37753266,0.13878439,1
-1.3229566,-0.46285173,0.87460901,1
-1.3229566,-0.46285173,0.87460901,1
-1.3229566,-0.46285173,0.87460901,1
0.07984414,-0.5049678,-0.38675404,1
-0.76960124,0.58349783,-0.03995927,1
0.41254237,-0.62626316,0.10431956,1
-1.30503423,-0.30701843,0.80640157,1
1.06581097,-0.35867015,-0.84506495,1
3.14274658,-0.44700721,-1.17368565,1
1.60408386,-0.05901147,-1.2304381,1
0.41486593,-0.31295881,-0.81653007,1
-1.3229566,-0.46285173,0.87460901,1
-1.07649655,-0.23863403,0.46767515,1
0.65531461,-0.09702486,-1.01165316,1
-1.18104264,-0.34517351,0.62258536,1
0.06330506,-0.21811042,-0.90768164,1
-1.30546607,-0.0263132,0.8158082,1
-1.03521971,-0.09278609,0.53133213,1
-1.29559851,-0.36975201,0.78173416,1
-1.60069493,-0.68440325,1.09883831,1
1.53797267,0.48959006,-0.31082002,1
-0.7718708,0.38351939,0.12048665,1
-0.0783846,-0.13515876,-0.73035854,1
1.26481859,-0.36321385,-0.3085096,1
-1.22155757,0.17697876,0.71227463,1
-1.29150002,-0.31082072,0.68115435,1
1.05554473,0.57606424,-1.24203517,1
-0.87383325,-0.31220489,0.29821264,1
-1.26867609,-0.30058075,0.7433314,1
-1.27892496,-0.40789158,0.798558,1
2.60947712,1.48257327,-2.57580554,1
2.92703592,0.71025248,-1.6338432,1
0.21803495,-0.45130327,-0.41738548,1
-1.22899584,-0.55582564,0.73348704,1
-0.90965928,-0.35496239,0.35547471,1
-1.20620304,-0.35105494,0.70014649,1
-2.94665854,55.87291092,2.97233802,1
0.25384209,-0.40168915,-0.06287842,1
-1.19970246,-0.11276309,0.60958552,1
0.37440026,-0.42676964,-0.40211413,1
1.34247343,-0.34435024,-0.56893964,1
1.08471956,0.31976911,-0.18788712,1
-1.28436805,-0.44514678,0.83933104,1
-0.50347966,0.06566275,0.37189608,1
-1.25797673,-0.37858231,0.79599777,1
-0.96147918,-0.27909519,0.4714399,1
0.27923194,0.07998046,0.35428539,1
1.60437001,-0.14703765,-0.72201345,1
0.55741515,-0.25885114,-0.44896447,1
-0.37971834,-0.35522407,0.03913924,1
1.63320673,0.13468139,-0.1835693,1
0.3577556,-0.22953366,-0.80273198,1
-1.26679138,-0.41053847,0.81541212,1
0.41086841,-0.29545465,-0.34544952,1
1.54239582,-0.34483276,-2.37813157,1
-1.3229566,-0.46285173,0.87460901,1
-1.22860883,0.14846761,0.6937102,1
-0.88533314,0.17749595,0.36217856,1
-1.15458143,0.0463151,0.66682438,1
-1.3229566,-0.46285173,0.87460901,1
0.68152586,22.95678706,-0.19945022,1
-1.3229566,-0.46285173,0.87460901,1
2.10264746,-0.26338042,-0.40573407,1
-0.9416458,-0.3155446,0.52367072,1
14.06440655,0.46075416,-11.99584264,1
0.75081255,-0.08838011,0.66870359,1
-1.45480855,0.27102561,0.82424636,1
-1.5581762,-0.50333249,1.0654801,1
3.1962963,0.01045244,-4.10632336,1
-0.52546599,-0.28486672,0.13744228,1
0.13399723,-0.51158719,-0.93275298,1
-1.3229566,-0.46285173,0.87460901,1
-1.14473145,-0.33814972,0.58250555,1
-0.97047389,-0.16628812,0.41906593,1
-1.3229566,-0.46285173,0.87460901,1
3.13258815,0.12242254,-2.68774737,1
1.4985155,-0.24113971,-0.19006483,1
-0.61733027,-0.31679382,-0.04274081,1
-0.73916918,-0.2029281,0.02140223,1
-1.17345683,-0.54683646,0.72941755,1
1.78567011,-0.1572904,-0.11846002,1
-1.27289099,0.91712807,0.82659905,1
1.20688754,-0.50081301,-1.07029723,1
0.65777607,-0.18812279,-0.460665,1
0.92946615,0.21087725,-0.29674091,1
0.6613418,-0.09519349,-1.01419822,1
0.15788767,-0.32067543,-0.26210989,1
-1.27016792,-0.49609324,0.81600272,1
-1.19727266,-0.36745876,0.63380592,1
-0.49869822,-0.19257569,-0.03876957,1
-1.21424307,-0.31449789,0.70212173,1
2.46242054,0.20372121,-0.91657122,1
-1.2990859,-0.37399247,0.79446058,1
0.43916347,-0.33156702,-1.095999,1
3.40022081,-0.32371342,-1.91382851,1
-0.184025,-0.12283313,0.34439747,1
0.64398816,-0.21655163,-0.66272148,1
-1.22141906,-0.37722902,0.77097135,1
0.0905133,1.91184699,-0.41097662,1
1.27005642,-0.41043453,-1.17485366,1
1.49229098,0.79699552,-0.54755205,1
-0.63802389,-0.37060032,-0.30178962,1
-0.1207857,-0.25348874,0.25282683,1
2.17783354,-0.26841117,-0.65208427,1
-1.07017863,-0.0787097,0.57338963,1
0.44373467,-0.06633722,-0.54276761,1
-1.25084564,-0.40517679,0.80312257,1
1.28147162,-0.36801784,0.46260261,1
-1.06255044,-0.19758289,0.48443944,1
-0.52209308,-0.1757688,-0.19889014,1
-1.26379554,-0.40189504,0.79911609,1
-1.24907927,-0.4327704,0.80599953,1
-1.31001923,-0.37424446,0.81913129,1
1.44045516,-0.06044979,-1.0745947,1
-1.37514228,-0.26459338,0.78708635,1
0.95288792,0.14923538,-2.38905816,1
-1.10213598,0.1110636,0.49420349,1
-1.10174714,-0.05296919,0.45191189,1
-0.76034667,0.24722807,0.23349814,1
-1.058452,-0.19675408,0.48107116,1
1.44853503,-0.37084572,-1.57998115,1
0.83683153,0.94331947,-0.67428,1
0.15339661,-0.41404248,-0.13556381,1
2.1025279,1.57668908,-1.26079436,1
1.45154097,-0.29008818,-1.62696342,1
-1.27460965,-0.41055546,0.81795736,1
-1.18230947,-0.22301027,0.72469222,1
-1.26384108,-0.42599638,0.81925531,1
-0.91368302,-0.01148505,0.34632356,1
-0.06129594,-0.2226977,-0.18599856,1
0.48348631,-0.20223472,-0.49794721,1
2.93105411,-0.57106268,-0.79703473,1
1.1587394,-0.19161158,0.25886218,1
-1.28888501,0.02531273,0.812528,1
-1.3229566,-0.46285173,0.87460901,1
-1.2564116,-0.17931643,0.7335064,1
1.19280456,-0.16910756,-1.18066314,1
0.09410341,0.88761104,0.0929879,1
-1.30866295,-0.40141338,0.85526706,1
-1.23647693,-0.28166393,0.76570175,1
-1.14004618,0.40282807,0.6405149,1
0.91707734,1.8778564,-1.88810589,1
-1.25779726,-0.38542716,0.79419436,1
0.89334072,-0.27517773,-0.0235987,1
-0.55217155,-0.44740457,0.38151087,1
1.30311835,0.13439872,-0.40292586,1
-0.41768241,-0.40444791,0.75602571,1
0.05320389,0.23488706,-0.88034095,1
3.26910395,0.05804498,-0.2761475,1
-1.25731944,0.11859206,0.79402383,1
-1.3229566,-0.46285173,0.87460901,1
0.64451087,-0.45158809,-0.47217117,1
-1.13666512,1.74019365,0.64967693,1
1.02791939,-0.47920038,-1.21156069,1
-1.3395429,-0.44796823,0.8841951,1
2.78744042,-0.23280917,-0.10764764,1
1.36945858,-0.2079915,-0.78698235,1
-1.30290242,-0.60530749,0.74547959,1
-0.9466192,-0.37994673,0.27569293,1
-1.20584153,-0.41567267,0.76880986,1
-1.25918109,-0.31348119,0.78592058,1
1.81037217,-0.2904632,-0.73014397,1
0.44372153,-0.25521712,-0.2794751,1
1.28276648,-0.23344648,-0.66486852,1
-0.40482903,-0.14273733,-0.04385139,1
-0.81749916,-0.39723088,0.17211366,1
-0.73627482,-0.21431067,0.07046349,1
-1.19620158,-0.34400235,0.72578646,1
-1.2964151,-0.32020886,0.83168794,1
1.19091656,-0.50064619,-1.05597492,1
2.61623767,1.76344416,-2.03786637,1
-1.27674018,-0.43424673,0.83139057,1
-0.85817196,0.22678133,0.29285074,1
0.31876093,-0.10544542,-0.30359517,1
2.18620869,0.76664165,-3.76173114,1
0.20665649,-0.37446884,-0.75232179,1
39.58780141,2.76020324,-55.93105136,1
-1.24375147,-0.41567948,0.7988633,1
-1.3030034,-0.30646986,0.68762105,1
3.20696669,-0.18840997,-2.4448851,1
-1.28593523,-0.37429403,0.77865532,1
-1.5581762,-0.50333249,1.0654801,1
-1.30006425,-0.40947147,0.8408132,1
-1.09802895,-0.30087862,0.5682911,1
-0.61112698,-0.26530067,-0.0058003,1
0.0959908,-0.26995528,0.03636151,1
-0.02883002,0.11066713,-0.034,1
-1.25564354,-0.25023052,0.75668914,1
-1.23263595,-0.16945009,0.75414673,1
-0.00863114,0.50193811,-0.17606259,1
-0.83857868,-0.41931897,0.16947015,1
0.93756933,-0.2510553,0.18292598,1
0.25567438,-0.17509276,-0.98972255,1
-0.73293903,-0.21561963,0.14613847,1
1.1804804,-0.50017203,-1.04677538,1
0.08709449,-0.46678417,-0.01444895,1
-1.23075719,-0.32025558,0.74681057,1
0.56730919,-0.25464728,-1.06190403,1
-0.95361852,0.42493991,0.3155247,1
0.68282878,-0.40434332,-0.8096947,1
-1.23405359,-0.41570999,0.792666,1
-0.68712448,1.62020079,0.1492566,1
0.53164942,-0.24441931,0.01099032,1
-1.23227746,-0.1702241,0.75376865,1
2.71910849,-0.36657338,-1.56529629,1
0.37399296,-0.23066636,-0.80962366,1
1.05657661,-0.37059411,0.11429979,1
-1.3233768,-0.43509012,0.86520868,1
-0.55710044,-0.50407044,0.25084657,1
-1.3229566,-0.46285173,0.87460901,1
0.99917313,0.20810679,-1.2994604,1
-1.23513566,-0.41378266,0.78689099,1
1.63730753,-0.28522087,-3.29759883,1
-1.09548335,-0.26702483,0.55799975,1
1.47861094,-0.12811484,-0.82237984,1
-1.06011559,-0.37719781,0.57026135,1
-0.89041597,0.17926751,0.24645153,1
-0.29216946,-0.25145168,0.23157232,1
0.46748366,-0.26064688,-0.28244546,1
-1.1502225,-0.30547233,0.64091645,1
0.47472807,-0.50146641,-0.48299672,1
2.78030289,0.36739083,-0.80931698,1
-0.98506658,0.19453234,0.46671611,1
1.20187614,-0.50114413,-1.06563585,1
1.1192461,-0.44612489,-0.00717338,1
3.2955989,-0.43627002,-0.7663362,1
0.56390461,-0.26263271,-0.48866215,1
0.6777993,-0.37561108,-0.24560366,1
-0.62069722,0.11604365,0.38478057,1
-0.75193328,0.00324326,0.1293805,1
-1.12454479,-0.42810887,0.73301395,1
2.63307593,-0.24399377,-0.1001162,1
1.55145885,-0.39568759,-1.11314051,1
-0.91653375,-0.31548713,0.25292361,1
1.55053259,0.05480895,0.14818059,1
-0.88684758,0.17958439,0.24227495,1
0.10798418,0.39812439,-1.19865336,1
2.61488223,1.75869218,-2.07063948,1
0.92213175,-0.38399261,0.14726413,1
-1.3229566,-0.46285173,0.87460901,1
-1.21348987,-0.43420427,0.78430817,1
-0.38876232,-0.36251315,0.36549095,1
3.29976357,-0.10132361,-2.29498283,1
0.87733966,-0.27275065,-0.04453512,1
1.02563283,0.52596382,-1.16274164,1
1.05093918,-0.31774557,-1.62010023,1
-1.3229566,-0.46285173,0.87460901,1
0.23103311,-0.58710801,-0.12385067,1
-0.76839883,-0.47582719,0.41431206,1
-0.38383546,0.18652786,-0.49228303,1
-1.26640986,-0.3995798,0.80380371,1
-1.3229566,-0.46285173,0.87460901,1
-0.16739231,0.14852903,-1.72066268,1
0.72452366,0.36219333,-0.14962635,1
-2.79644239,50.95423193,2.77302555,1
0.60128555,-0.39074223,-0.82081697,1
0.91451649,-0.29790277,-0.15036535,1
-1.30689706,-0.30663782,0.69140529,1
-1.25423066,-0.35602059,0.75739207,1
0.5120566,-0.23773386,-0.33228666,1
-1.18483074,-0.4319624,0.69082215,1
-1.15194972,-0.05047401,0.60265806,1
-0.36598714,-0.33432263,-0.42224162,1
-1.30352271,-0.36020483,0.82265769,1
-1.24325109,-0.34580654,0.77702823,1
-1.24426256,0.60249494,0.81713587,1
-1.03497076,-0.07824242,0.21812829,1
1.20346519,-0.50121632,-1.06703661,1
-1.04448023,-0.11795259,0.49993734,1
-1.41468845,-0.45906535,0.93739249,1
-1.17660339,0.33180489,0.65284244,1
0.46543815,-0.44210555,0.14969202,1
-0.86281186,-0.07980556,0.27144815,1
-0.96683244,-0.49614983,0.4456773,1
0.70645149,-0.61103338,-0.62074707,1
-1.37096563,-0.41610227,0.88473691,1
1.90684245,-0.26468775,-2.05973804,1
0.66360271,-0.16187506,-0.26000045,1
0.06197458,-0.46392061,-0.00921662,1
1.92727815,-0.47749205,-0.02772365,1
0.57053161,0.14732238,-1.90230868,1
2.30742864,-0.41472415,-2.67975221,1
2.39707942,-0.2051265,-0.31532827,1
-0.51242599,-0.27002922,0.49535485,1
-0.7261435,0.31800897,0.13728477,1
0.07071603,0.5358738,-0.64131763,1
-0.50837956,-0.14900026,0.39878714,1
1.9307045,-0.32827658,0.97659296,1
1.09212413,-0.42026827,-0.33431926,1
0.38903047,-0.29806187,-0.32905489,1
-1.64154065,-0.38934054,1.12504965,1
-0.25807479,-0.40997501,-0.48986707,1
-0.30119801,0.77800816,-0.5611509,1
-1.0917358,1.78600073,0.60647868,1
1.19832708,-0.50098288,-1.06250733,1
-1.40702437,-0.39085964,0.89911248,1
10.86806966,-0.53293041,-18.55591281,1
0.72313463,-0.09065743,-0.29080338,1
1.19008268,-0.5006083,-1.05523984,1
-1.22057136,0.00220298,0.70479526,1
0.6016457,-0.48363869,-0.75382387,1
-0.81104146,-0.37166708,0.27120816,1
-1.04058857,-0.42937869,0.48678516,1
0.27667487,-0.14528593,-0.90984875,1
0.79805092,-0.40842979,-1.31077592,1
-0.97628746,-0.22106475,0.33874348,1
1.8061655,-0.2076648,-0.57144371,1
-1.32103604,-0.44822452,0.86805862,1
-1.19723808,0.97332623,0.63696572,1
-1.3229566,-0.46285173,0.87460901,1
0.84411684,-0.21739626,-0.01466611,1
0.23625466,-0.57695295,-0.56263038,1
0.73491451,-0.27089586,0.09232411,1
-1.29237789,-0.44629049,0.84616948,1
-0.97866758,-0.22203374,0.34113812,1
-1.29105435,-0.41883988,0.83598681,1
-1.02824097,0.25027064,0.46391382,1
-1.17482295,-0.38526556,0.68763357,1
1.70037459,-0.30098345,-0.44236503,1
0.17839137,-0.25640711,0.49642676,1
-1.16148776,0.6620382,0.66072333,1
-1.00247269,-0.39094181,0.41891209,1
-1.1504816,0.18456456,0.66753173,1
0.45921633,-0.57631541,-0.08901199,1
-0.82664944,0.1849301,0.17181681,1
-1.22866585,-0.55468121,0.72719088,1
1.07827186,-0.332168,-1.01141785,1
-0.49989804,0.08497811,-0.12112814,1
-1.22996609,0.07400381,0.72779835,1
-1.14462443,0.09826619,0.56712201,1
1.07869134,-0.44403838,-0.05049938,1
-1.23733544,-0.35868556,0.75510885,1
-1.22520485,-0.2457886,0.73802484,1
0.81915305,-0.17173238,-1.86643486,1
-1.27084683,-0.32184655,0.80692133,1
6.56010446,-0.29230514,-2.88286269,1
-1.40595574,-0.45196636,0.930341,1
1.20647114,-0.5013529,-1.06968637,1
0.46634095,-0.21806813,-0.27085649,1
0.76855468,-0.22034701,-0.36635671,1
0.56324459,-0.24694761,0.1476951,1
2.77435931,-0.1865369,0.82040439,1
2.28391451,-0.30203392,-0.82433377,1
-1.11937806,0.57360268,0.66305635,1
-0.17533909,1.32147877,-0.8113384,1
-0.87705131,0.18045432,0.23080903,1
-1.20033964,-0.42208531,0.68441297,1
-1.27812889,-0.39697861,0.80903116,1
-1.22770607,-0.40635922,0.78097496,1
-0.61276946,-0.62301076,-0.05372587,1
2.83306871,0.32261467,-0.75494749,1
1.06813061,-0.33552653,-1.26626243,1
-0.05599928,-0.50858623,-0.22168693,1
-1.25697875,-0.41667137,0.79572143,1
-0.73901282,-0.37526133,0.07869512,1
1.24232185,0.10426828,-0.89706587,1
2.69785176,-0.46748992,-2.02952782,1
-1.27153919,-0.41713696,0.8204327,1
2.72147498,0.17485735,-2.44427815,1
-0.21482862,0.70352129,0.18962346,1
-0.89148252,-0.20544791,0.30773269,1
2.5058295,-0.13079574,-1.11502041,1
-1.30431112,-0.36774363,0.82415559,1
2.37318487,0.11898246,-2.23122919,1
0.54135903,-0.37826943,-1.16601342,1
-0.04521871,-0.22200751,-0.2001402,1
0.36544159,-0.40005042,-0.3786276,1
-0.98339103,-0.2251797,0.34645794,1
-1.3229566,-0.46285173,0.87460901,1
-1.3229566,-0.46285173,0.87460901,1
-1.23685559,-0.42460474,0.79624403,1
-1.22888868,0.77026694,0.75779858,1
-1.3229566,-0.46285173,0.87460901,1
-1.3229566,-0.46285173,0.87460901,1
0.83272981,-0.19435264,0.33160822,1
1.24390799,1.17768485,-1.93466381,1
-1.21869302,-0.50998003,0.76007923,1
1.5648352,-0.1785418,-0.39938906,1
-1.3229566,-0.46285173,0.87460901,1
-1.08461652,-0.16766815,0.55887278,1
0.7049448,-0.20994669,-0.63029061,1
-1.3229566,-0.46285173,0.87460901,1
0.97108492,-0.37659561,-0.77553162,1
-1.27816569,-0.30363587,0.81554192,1
-1.3229566,-0.46285173,0.87460901,1
0.50247109,-0.55940345,-0.38268236,1
-1.19867073,-0.35762399,0.74321194,1
-0.8224278,-0.25277873,0.22813847,1
-1.3229566,-0.46285173,0.87460901,1
-0.21078284,0.37968245,0.74751521,1
-0.16358627,-0.44985992,0.26518078,1
1.22485234,0.10582179,-0.87872411,1
1.00854454,0.51749021,-1.103757,1
-1.3229566,-0.46285173,0.87460901,1
-0.51767175,-0.33563476,0.09445488,1
0.87846917,-0.4543583,-0.03653099,1
-1.17691949,-0.54942819,0.70201346,1
1.5913288,-0.52350107,-0.53379868,1
1.04723424,0.19034795,0.23061208,1
-1.27416394,-0.36946102,0.8097023,1
-1.3229566,-0.46285173,0.87460901,1
-0.62124199,-0.36476611,0.25463266,1
-0.87586807,0.31826887,0.08264133,1
-1.3229566,-0.46285173,0.87460901,1
-1.14205163,1.64863341,0.63882471,1
1.93870843,-0.43333654,-2.30487187,1
-0.49611994,-0.20392076,0.55502831,1
-1.236813,-0.3548,0.77726347,1
-1.3229566,-0.46285173,0.87460901,1
1.00973891,-0.17853011,-0.445392,1
-1.3229566,-0.46285173,0.87460901,1
-0.13499162,-0.29557709,-0.88334761,1
-1.34072083,-0.39766808,0.86597446,1
3.06532782,0.49805068,-0.25635394,1
1.14978192,-0.16035438,-0.44862419,1
1.54302463,-0.32555428,-0.57807943,1
-0.41270972,-0.39675648,-0.01377001,1
-0.300997,-0.43184033,-0.70514808,1
0.54370645,-0.22948736,-0.4895459,1
-0.77385874,-0.12206912,0.22778781,1
-1.25724004,-0.33679562,0.77340748,1
-1.3229566,-0.46285173,0.87460901,1
0.55768692,-0.23166153,0.06980787,1
-0.30224424,44.32941245,0.15809947,1
-4.03E-04,8.77E-01,3.07E-02,1
0.32456337,0.03089789,-0.68556765,1
-1.05514276,-0.30013601,0.48744706,1
-1.01653899,-0.32407444,0.55250308,1
0.46245465,-0.00783655,0.50754085,1
-1.22675613,-0.41252908,0.78885148,1
1.0116979,-0.51477911,-1.21871852,1
-1.28045854,-0.44675405,0.83668387,1
-0.93216061,-0.15425671,0.31852036,1
-0.38931688,-0.3357308,-0.19246914,1
0.49583936,-0.44496126,0.12346988,1
-1.3229566,-0.46285173,0.87460901,1
0.98215977,-0.34023282,-1.2853086,1
-0.98196259,-0.2233752,0.34445324,1
-1.3229566,-0.46285173,0.87460901,1
2.57361371,-0.50846482,-0.86171618,1
-1.25205556,0.47925424,0.79521067,1
2.27021872,0.50413323,1.04900122,1
2.19371511,0.19754193,-2.09888664,1
0.04635601,-0.45901341,-0.40730439,1
-0.20701471,-0.38442376,0.18122798,1
0.2663487,-0.31023946,-0.88794722,1
3.95717387,0.21614841,-1.19275782,1
0.02850519,0.70485577,-0.63362908,1
1.00081812,0.70662294,-1.04234612,1
2.42607095,0.58875348,1.19693708,1
1.20212116,0.1131963,-1.32700776,1
0.40671473,-0.21929151,-0.30917014,1
0.09329303,0.12042034,-1.70921778,1
-1.06503709,-0.38543439,0.56401651,1
0.57338034,0.6846402,-0.28754446,1
-1.22895161,-0.41683865,0.78819974,1
-0.83901922,0.64311781,0.15475786,1
-0.80479984,0.18026121,0.47076093,1
-1.27138928,-0.40319804,0.81562738,1
-1.10954867,-0.41290141,0.5227622,1
-1.23825876,-0.41498551,0.79610609,1
-1.3229566,-0.46285173,0.87460901,1
0.18198827,-0.17159978,-0.27501443,1
1.24152842,-0.4658619,-0.65806663,1
-1.09553972,-0.28985794,0.61488018,1
1.45023232,-0.20914129,-0.25582788,1
2.46594485,-0.1993389,-1.34058437,1
-1.38831333,-0.20823163,0.8266347,1
-1.4340035,-0.36920527,0.94050539,1
-1.3229566,-0.46285173,0.87460901,1
-1.3229566,-0.46285173,0.87460901,1
1.49858973,-0.39942102,-1.63849617,1
1.39925658,-0.36996642,-1.14614365,1
0.28307868,0.2493078,-1.20108496,1
-1.3229566,-0.46285173,0.87460901,1
1.20786811,-0.56088337,-0.23561683,1
-1.3229566,-0.46285173,0.87460901,1
-1.39749632,-0.40144401,0.89499217,1
1.01634948,-0.0105443,-0.20224876,1
0.76237116,-0.07596361,0.65685576,1
-1.24030635,-0.41496913,0.79699991,1
-1.28143906,-0.47774129,0.79731429,1
2.33333372,1.46743769,1.77822517,1
-0.05790001,-0.49447334,-0.01898031,1
1.54854823,-0.25427623,-3.66913195,1
-0.57121964,-0.31219848,0.0191247,1
-0.52595515,-0.53850927,0.17138325,1
0.21876118,-0.43137323,-0.12255912,1
-0.9746071,0.12714437,0.46178518,1
-0.85859577,-0.08550157,0.26231388,1
-1.22824902,-0.55323561,0.7192378,1
-0.45543579,-0.33632847,-0.3184004,1
-0.94589226,-0.24011913,0.38400126,1
-1.23239689,-0.4065497,0.78845528,1
-0.09619041,-0.12598397,0.23300882,1
-0.50820743,0.88838929,-0.11997128,1
6.95659954,-0.22892716,0.87133362,1
-1.37724734,0.47775397,-0.9972537,1
-1.56235494,1.96653389,0.96451705,1
-1.28808516,-0.3828028,0.8177154,1
1.02267167,-0.17857181,-0.45804996,1
-0.07648982,-0.53014486,-0.25355451,1
-0.17019218,-0.04103783,0.16994592,1
-1.32571093,-0.4058732,0.84827369,1
-1.3229566,-0.46285173,0.87460901,1
-1.15802869,0.10351645,0.69174151,1
-1.3229566,-0.46285173,0.87460901,1
-1.2650404,-0.42520003,0.81934516,1
-1.05043625,-0.44301829,0.44345952,1
2.65513621,-0.3032386,-2.47610704,1
-1.3229566,-0.46285173,0.87460901,1
1.33209578,-0.26860569,-0.52991019,1
1.19027371,-0.50061698,-1.05540824,1
-1.24783405,0.19765876,0.75123417,1
-1.3229566,-0.46285173,0.87460901,1
-0.40153252,-0.30717997,-0.05952413,1
-1.30763001,-0.40821391,0.84239223,1
-0.34074269,-0.4366895,-0.6651503,1
-0.84467064,-0.41832989,0.27382894,1
1.19195948,-0.50069357,-1.05689425,1
-1.25710401,-0.3796692,0.79983113,1
1.33487461,-0.12383938,-1.12571276,1
-1.28592585,-0.37606559,0.81075476,1
-0.24343459,-0.2294142,0.04673682,1
0.61980736,-0.42653749,0.37885096,1
0.11166743,-0.0465279,0.09619098,1
-1.09774665,-0.32033974,0.59979241,1
-0.88383676,-0.45151798,0.32899025,1
-1.27877954,-0.36235464,0.78911054,1
1.49580695,-0.0635088,-0.2852852,1
1.81646974,-0.37457956,-1.93309937,1
-1.25930045,-0.39481824,0.80182076,1
0.46651981,-0.25970101,-0.28240662,1
1.2457968,-0.2513047,-0.88136593,1
-0.88108042,0.18009653,0.23552485,1
3.45833492,-0.28057046,-0.36156226,1
0.20209254,-0.06470171,-0.69823618,1
0.80180374,-0.26202217,0.21250131,1
-1.25216138,-0.41715044,0.80537933,1
-1.3229566,-0.46285173,0.87460901,1
1.60270469,-0.18717065,-0.38145993,1
-1.34854893,-0.42826806,0.87797813,1
-1.35912661,0.02896521,0.84936104,1
1.35126927,-0.14149506,-1.51500297,1
-0.12430469,-0.52728844,-0.66378176,1
-1.1819758,0.46325436,0.6729319,1
1.32073415,-0.22917923,-0.34207133,1
0.23439176,-0.41031284,-0.15362323,1
0.69311976,-0.6035194,-0.44838846,1
1.80681572,-0.48336606,-1.10264855,1
0.055268,-0.19544186,-0.16264834,1
0.1934955,-0.4013915,-0.74861559,1
1.71841053,0.24225552,0.21005446,1
-1.07517602,-0.22230677,0.45940843,1
-0.16707642,-0.07262507,-0.64135545,1
-1.11543148,-0.41659817,0.52863511,1
-1.3229566,-0.46285173,0.87460901,1
3.13690955,0.16591116,-2.18709057,1
1.36234936,-0.44952835,-0.67082273,1
-0.20368292,-0.01813499,0.18251988,1
-1.3229566,-0.46285173,0.87460901,1
-1.27469063,-0.41177915,0.82486917,1
2.86177286,-0.57614919,-0.6675792,1
1.19051113,-0.50062777,-1.05561752,1
0.42865357,-0.11392668,-0.5412069,1
0.14812502,-0.36273547,-0.55453317,1
-1.24140996,-0.38752651,0.78891877,1
0.46591566,-0.25572377,-0.16318115,1
-1.2184264,-0.34547137,0.73733688,1
1.09109334,-0.42027383,-0.33336485,1
-0.82890091,0.18473017,0.17445201,1
-0.94319345,-0.41503125,0.42487077,1
0.5208844,-0.54689044,-0.56271871,1
-1.29967772,-0.4198217,0.84327349,1
1.91888304,-0.47711063,-0.02032331,1
2.08906292,0.5030571,-1.44699755,1
2.40370287,-0.07103777,-1.04736558,1
-1.04267923,0.53611636,0.44741106,1
2.30839565,-0.14626816,-0.02133035,1
-1.23902409,-0.4264877,0.79768893,1
-0.93880845,-0.15396162,0.32034548,1
-1.21036993,-0.38696218,0.75878705,1
-1.3229566,-0.46285173,0.87460901,1
-0.00284462,0.02569357,0.31563581,1
2.0965757,-0.25032707,-2.41886644,1
-1.2263637,-0.32039032,0.74127017,1
0.64529366,-0.15806637,-0.817817,1
0.56312713,0.36262019,-1.24520016,1
-1.28207469,-0.26463745,0.80329571,1
-1.3229566,-0.46285173,0.87460901,1
-1.3229566,-0.46285173,0.87460901,1
-1.13205904,-0.45529534,0.63218221,1
-1.3229566,-0.46285173,0.87460901,1
1.78688239,-0.37323769,0.40484629,1
-1.0937475,-0.18180261,0.5733712,1
0.52458493,-0.10997728,-0.93869195,1
0.35894588,-0.46196114,-0.95307602,1
-1.3229566,-0.46285173,0.87460901,1
-0.63572927,0.23135636,0.09716429,1
-1.2117516,-0.41444266,0.77160662,1
-0.48985067,-0.34229247,0.18127508,1
-1.3229566,-0.46285173,0.87460901,1
8.13417678,-0.2293015,0.86190627,1
-1.3229566,-0.46285173,0.87460901,1
-0.71003216,1.44173502,0.20419918,1
-0.88824589,-0.45340214,0.3331187,1
-1.3229566,-0.46285173,0.87460901,1
0.47650185,-0.13984832,-0.48682895,1
-1.3229566,-0.46285173,0.87460901,1
-1.3229566,-0.46285173,0.87460901,1
-1.3229566,-0.46285173,0.87460901,1
-1.3229566,-0.46285173,0.87460901,1
-1.3229566,-0.46285173,0.87460901,1
-1.23054899,0.31397432,0.74437573,1
0.5233125,0.21580378,-0.89132391,1
-1.3229566,-0.46285173,0.87460901,1
0.95023111,-0.48069151,-0.00907078,1
-1.26881902,-0.39479601,0.80463558,1
-1.3229566,-0.46285173,0.87460901,1
-1.25938904,-0.37134155,0.79104967,1
0.81317704,-0.3785194,-0.30161999,1
1.47604792,0.21624361,-2.01781705,1
0.34182155,-0.26612057,-0.07217762,1
-1.2304031,0.16256921,0.71757717,1
-1.3229566,-0.46285173,0.87460901,1
0.68744406,-0.29984878,0.42609513,1
-1.25140096,0.21213093,0.73575629,1
1.66031906,0.14650386,-0.50448926,1
-1.3229566,-0.46285173,0.87460901,1
-1.3229566,-0.46285173,0.87460901,1
-1.3229566,-0.46285173,0.87460901,1
-1.08391252,-0.14122205,0.47984943,1
1.69572392,-0.0151926,-1.56972707,1
-1.3229566,-0.46285173,0.87460901,1
-1.3229566,-0.46285173,0.87460901,1
1.38851338,2.74916872,-1.05381421,1
1.17889074,-0.37333009,-0.51990372,1
-1.3229566,-0.46285173,0.87460901,1
-1.3229566,-0.46285173,0.87460901,1
-1.3229566,-0.46285173,0.87460901,1
0.81503808,-0.34532832,-0.96458736,1
0.919642,-0.28029093,-0.80662093,1
-1.24445942,-0.35918176,0.74904356,1
-1.3229566,-0.46285173,0.87460901,1
-1.3229566,-0.46285173,0.87460901,1
3.46412186,-0.3639952,-1.42025607,1
-1.27952338,-0.40510185,0.81892274,1
-0.6338663,-0.25058079,0.10937469,1
-1.29327307,-0.37366655,0.78910409,1
-1.29964224,-0.31145767,0.68611039,1
-0.97958216,-0.22240608,0.34205828,1
-1.3229566,-0.46285173,0.87460901,1
-1.27888884,1.7714687,0.66142342,1
0.12160373,-0.19253529,-0.17623034,1
-1.02642,-0.24680952,0.48642423,1
1.86950652,-0.53985543,-0.41177227,1
0.11097004,-0.2745076,0.30658206,1
-1.19670567,-0.34226989,0.72928671,1
-0.98207438,-0.39393104,0.36163736,1
0.87875821,-0.27692532,-0.10740689,1
0.76582373,1.54549076,-0.6989426,1
2.17782813,-0.06098923,-0.90031451,1
0.16074336,-0.1033224,-0.36866343,1
-0.15637318,0.05679122,0.26547783,1
2.66318624,-0.20784879,-1.12077426,1
-0.51541173,-0.2712088,0.49856722,1
0.94844151,-0.27164041,-0.92474629,1
0.24624839,-0.52222231,-0.27528793,1
-1.25133483,-0.48521564,0.67554848,1
-1.2495708,-0.43086763,0.80723235,1
0.69831936,-0.25275597,-0.68961153,1
-1.3229566,-0.46285173,0.87460901,1
-0.15372342,-0.3947052,-0.34596065,1
-1.27016792,-0.49609324,0.81600272,1
-0.87898378,0.14712939,0.2406513,1
-1.22400852,-0.3675733,0.76943916,1
-0.20473574,0.19933508,0.26336736,1
-1.35139574,-0.37075827,0.85797866,1
0.41624231,-0.41008898,0.16874956,1
-0.97491897,-0.22050761,0.33736664,1
-0.09193562,-0.32055744,-0.53922761,1
-1.03133039,0.25007824,0.46679715,1
2.06151405,-0.34763372,0.48487407,1
-1.11833833,-0.35988225,0.68297534,1
2.50892637,-0.13126576,-1.11922616,1
-1.24387889,-0.39105827,0.79258967,1
-1.06569891,-0.20896607,0.62921133,1
-1.24428516,-0.40358192,0.78956959,1
-0.94832173,-0.20266808,0.46625967,1
1.63108375,-0.29030979,-0.20251899,1
2.30407484,-0.03032256,-0.62097294,1
-1.3229566,-0.46285173,0.87460901,1
-1.22403968,-0.42039363,0.78400882,1
0.87915407,0.20559396,-0.6093965,1
1.43465209,-0.35080487,-0.19232882,1
-0.9235458,-0.29942036,0.23440883,1
-1.3414221,-0.43250284,0.88333758,1
1.41866435,-0.3476673,-0.42782443,1
-1.27983919,-0.37286765,0.80122017,1
-1.31975604,-0.40146137,0.84927734,1
-0.82935615,-0.12014743,0.46283019,1
-0.61768675,-0.43979191,-0.04063361,1
-1.25441677,-0.33221148,0.7880168,1
0.16398906,-0.11503728,-0.17379234,1
0.29620796,-0.13050173,-0.85040082,1
-1.00162109,0.62080338,0.61728133,1
-0.80170163,-0.39325399,0.18312703,1
-1.29617027,-0.42639453,0.83900059,1
-1.32269897,-0.42851828,0.86595899,1
-0.05239245,-0.15934633,0.18470147,1
1.31358082,0.59421309,-1.45408509,1
-1.1897271,0.75680926,0.71685504,1
-1.11176537,-0.40855925,0.58575215,1
0.72265088,-0.27349284,-1.08940357,1
-1.25298113,-0.39011707,0.79069374,1
-1.3229566,-0.46285173,0.87460901,1
-0.15026812,-0.39858308,-0.24342402,1
-1.13786431,1.64798254,0.6526032,1
-1.26953616,-0.39590961,0.80321852,1
-1.23964168,-0.40575317,0.79160352,1
-0.80154024,-0.14302732,0.32461039,1
0.62834092,0.35264089,-1.10956867,1
4.38358975,0.14959909,-2.95248713,1
-1.02652097,0.37854466,0.44108796,1
-1.25943448,-0.37970436,0.79657713,1
-1.26646984,-0.3671032,0.79912134,1
-1.23715034,-0.34055637,0.74951604,1
-1.26030855,-0.43638221,0.81707773,1
-1.08295929,-0.3048778,0.5455023,1
-1.33803223,-0.44646298,0.87701335,1
-0.68276032,-0.06867261,0.16894568,1
-0.5531171,0.06507905,0.40981446,1
-1.3229566,-0.46285173,0.87460901,1
-0.8780286,-0.45830408,0.12742892,1
1.11017025,-0.51197567,-1.13540593,1
1.19278825,-0.50073123,-1.05762482,1
1.99030022,-0.29911285,-0.28896127,1
-0.26786577,-0.38159875,0.70262712,1
-1.3229566,-0.46285173,0.87460901,1
-1.23845409,-0.41104491,0.79145953,1
-1.30701087,1.37204209,0.81250309,1
1.49457861,-0.16926827,-1.3313437,1
-0.74630537,-0.36438269,0.10860849,1
0.4118773,-0.62608854,0.10478704,1
1.25543739,-0.370825,0.48290707,1
0.19745087,0.83069104,-1.64523609,1
2.40582589,-0.07123559,-1.04924545,1
0.18063084,1.67938124,-0.17513846,1
2.4307294,-0.55496594,-1.51753849,1
0.91960166,-0.09998364,-1.42916853,1
-0.40393852,1.36697189,-0.26896363,1
0.64981194,-0.1584066,-0.82186373,1
0.22698837,-0.14122801,0.16582989,1
-1.25511472,0.06577712,0.72727559,1
1.68594412,-0.30114928,-0.43951303,1
1.4878034,-0.376951,-1.11419004,1
-0.9092052,0.17759899,0.26844314,1
1.99750163,0.29942744,-0.54997001,1
-1.22384934,-0.41804367,0.78430811,1
-0.78689494,-0.15042313,0.24464232,1
0.06316481,-0.47324839,-0.0802245,1
0.66016057,-0.41895254,-0.16920606,1
3.14934637,-0.43477983,-1.48143776,1
-0.98528928,-0.22472956,0.34780022,1
-1.2428643,-0.41168193,0.79438423,1
-0.89983387,-0.35388971,0.33804186,1
1.32698331,-0.14945707,-1.09611797,1
-0.48484786,-0.16277906,0.09287764,1
-1.10277073,-0.54072916,0.50936857,1
-1.14293872,-0.42014746,0.66141869,1
-1.3229566,-0.46285173,0.87460901,1
1.04571688,-0.38840731,-1.45217568,1
-0.11740124,-0.53618251,0.22051683,1
-1.23790075,-0.01006857,0.77562054,1
1.70175599,0.2202939,-0.28585108,1
0.11447104,-0.43564784,-0.33619694,1
-1.27429538,-0.41864516,0.81867455,1
-1.02532128,0.19445859,0.5679871,1
0.92044618,-0.27924159,-0.9586644,1
0.33513219,-0.45279069,-0.54765923,1
-0.74539561,-0.04149462,0.19672468,1
1.61189612,-0.39496921,0.5384666,1
2.17807778,-0.54276527,-0.64709983,1
-1.1201407,-0.21086554,0.60737458,1
1.20912796,-0.50147361,-1.07202838,1
2.19656691,-0.18820509,0.12148194,1
-1.09604819,-0.40620745,0.56696294,1
-1.24044508,-0.41220489,0.79752584,1
-0.69966339,-0.18959769,0.20455886,1
-0.00333568,-0.22302878,-0.22311759,1
0.13490675,-0.49641896,0.10634016,1
-0.92180046,-0.23685209,0.33863778,1
1.61795032,0.14090193,-1.6223159,1
-1.26999845,-0.26738316,0.79182365,1
-0.88719091,-0.28596172,0.30228747,1
-1.02376913,-0.20957457,0.4634045,1
1.42393977,-0.21561129,-0.51942416,1
1.43312732,-0.2861777,-0.58081475,1
-1.29938428,-0.36564088,0.80934916,1
1.92321711,-0.47730754,-0.02414382,1
-1.3229566,-0.46285173,0.87460901,1
0.81999494,-0.4427318,-0.15762016,1
1.93950651,-0.28946383,-0.67080833,1
1.85147735,1.17958386,-1.34165431,1
-1.29536938,-0.40195562,0.77890168,1
-1.22522516,-0.41498402,0.78510477,1
0.79746517,-0.16996072,-0.08486879,1
-1.3229566,-0.46285173,0.87460901,1
0.66682016,-0.23408304,-0.09559794,1
-0.28217411,-0.29864351,-0.22995896,1
-1.24711206,-0.35260145,0.77667063,1
0.44319518,-0.14719043,0.12122918,1
-1.1674097,-0.31539641,0.67912082,1
-1.3229566,-0.46285173,0.87460901,1
-1.33999777,-0.39731982,0.82082481,1
-0.73715084,-0.30999232,0.06768408,1
-1.3229566,-0.46285173,0.87460901,1
0.07309964,2.3421841,-0.23616397,1
-1.28905392,-0.39720538,0.81449376,1
1.20005267,-0.50106128,-1.06402846,1
-1.3229566,-0.46285173,0.87460901,1
-1.3229566,-0.46285173,0.87460901,1
-0.96653592,-0.21873466,0.32137431,1
1.48004871,0.21431847,-2.01810847,1
1.80849297,-0.25718244,-1.24440319,1
-1.20330685,-0.20839984,0.78129891,1
-0.88816259,-0.35985336,0.31846072,1
-0.54494228,1.28334385,-0.22106655,1
-0.85221824,0.17992638,0.16705652,1
-0.07458605,-0.27728552,-0.13701637,1
-1.3229566,-0.46285173,0.87460901,1
2.75907399,1.30234984,-2.24879796,1
1.3712732,0.14915732,-0.80170715,1
-1.3229566,-0.46285173,0.87460901,1
-1.3229566,-0.46285173,0.87460901,1
-1.3229566,-0.46285173,0.87460901,1
2.02977718,-0.25227289,-1.47420864,1
-1.3229566,-0.46285173,0.87460901,1
-0.69729277,2.01296241,0.53054234,1
-0.21831349,0.71113598,-0.33383494,1
-0.02527391,-0.42541658,-0.12995568,1
-1.3229566,-0.46285173,0.87460901,1
-1.3229566,-0.46285173,0.87460901,1
-0.94174002,-0.23100106,0.28066225,1
-1.13567746,-0.17809269,0.56563885,1
1.2364749,1.14773952,-2.05430231,1
0.00801675,-0.27316306,0.05780378,1
1.17655469,-0.49999367,-1.04331484,1
-1.24457072,-0.28449562,0.77688452,1
-1.3229566,-0.46285173,0.87460901,1
1.55259033,-0.40122913,-1.24787747,1
-1.23585746,-0.41633645,0.79389948,1
0.08236516,-0.10081925,-0.36730331,1
-1.29033997,-0.38872213,0.82553306,1
1.18186778,-0.15666338,-1.5411288,1
1.57433553,-0.48642426,-1.01521843,1
1.65985779,0.27370798,0.22784007,1
-0.25110368,-0.35201341,0.03518074,1
-1.3229566,-0.46285173,0.87460901,1
-1.3229566,-0.46285173,0.87460901,1
-1.3229566,-0.46285173,0.87460901,1
0.08923718,-0.35442764,-0.71927125,1
-1.29869284,-0.39380359,0.82074355,1
-0.25323079,-0.33375319,-0.23342163,1
-1.12023335,-0.38148526,0.62632223,1
1.19687867,-0.50091707,-1.06123055,1
0.46393987,-0.25877339,-0.22024974,1
3.45116432,-0.36593921,-1.40888899,1
-1.3229566,-0.46285173,0.87460901,1
-1.3229566,-0.46285173,0.87460901,1
-1.36554316,-0.4702436,0.90825209,1
-1.34876826,-0.39006081,0.86636959,1
2.00232131,-0.44588017,-1.41459686,1
-0.81141134,0.12486345,0.25758918,1
-1.3229566,-0.46285173,0.87460901,1
1.64008563,-0.32914619,-0.20366329,1
0.46799106,-0.16368966,-0.47895056,1
-1.3229566,-0.46285173,0.87460901,1
-1.29792778,-0.62134161,0.74173727,1
0.74769535,-0.3930896,-0.05447821,1
-1.3229566,-0.46285173,0.87460901,1
-1.28355708,2.21537956,0.81030515,1
-1.07331272,-0.35689471,0.73450245,1
2.19459349,-0.18828957,0.1212543,1
-1.3229566,-0.46285173,0.87460901,1
-1.3229566,-0.46285173,0.87460901,1
-0.92485811,-0.1917785,0.44911626,1
-1.3229566,-0.46285173,0.87460901,1
-1.3229566,-0.46285173,0.87460901,1
-1.3229566,-0.46285173,0.87460901,1
0.46881948,-0.25867127,-0.22619846,1
-0.14592931,-0.12612139,0.31097349,1
-1.3185303,-0.40395513,0.84991576,1
-1.24865824,-0.39501725,0.79089691,1
-0.7042948,-0.59632822,0.13627613,1
-0.0903008,-0.42292949,0.5520586,1
0.21347071,-0.40187256,-0.54528095,1
1.34324412,-0.19577946,-1.30894823,1
-1.29524769,-0.38141333,0.82415605,1
-0.66948122,-0.38015272,0.55141376,1
0.68720079,0.63573386,-0.948101,1
-1.3229566,-0.46285173,0.87460901,1
-1.08714439,-0.16396109,0.52037946,1
-0.76296863,0.67024948,0.00724721,1
-1.3229566,-0.46285173,0.87460901,1
0.81253251,0.75506425,0.18938738,1
-1.18576698,1.41520156,0.66905573,1
1.18863868,-0.5005427,-1.05396695,1
-1.21751154,-0.41031448,0.77251399,1
-1.24863205,-0.38615012,0.75205963,1
-1.3229566,-0.46285173,0.87460901,1
1.77789726,-0.47863688,-1.08284706,1
1.90344582,-0.50796838,-1.30535989,1
-1.6938693,-0.56069138,1.20097628,1
-0.85607017,0.06118631,0.04345576,1
-1.25474745,-0.41026201,0.80797057,1
0.67928664,-0.4773359,-0.63501165,1
-1.17634067,-0.45812857,0.76909932,1
-0.54119934,-0.42643809,0.61275327,1
-1.28673958,-0.39818068,0.82119967,1
1.97799554,0.24085279,-2.35319187,1
-1.01392162,0.0555485,0.50220419,1
-1.28559272,-0.43125586,0.83534038,1
-0.43516076,-0.55736161,0.10171008,1
0.13982514,-0.29279628,-0.83357662,1
-0.86355404,-0.11451018,0.24408124,1
1.19982146,-0.1533891,-0.7602653,1
1.89663629,-0.4562621,-1.50967568,1
0.97459268,0.65660045,-0.37531043,1
-1.44614291,-0.4230045,0.96520226,1
13.8563474,0.46128388,-12.15309215,1
3.87605696,-0.00941051,-2.09333626,1
-0.89139063,-0.29378829,0.34408361,1
-0.88473887,0.17772043,0.3649134,1
-1.25617838,-0.39768775,0.79802957,1
1.19519805,-0.50084071,-1.05974908,1
0.91875944,-0.47710732,0.02863587,1
-0.86192528,0.06471612,0.34647867,1
1.86886515,0.2551478,-1.46959864,1
-0.22653649,-0.2918202,-0.62442778,1
-1.2543955,-0.25643359,0.76106824,1
-0.80947362,-0.45672738,0.41827825,1
0.14877247,-0.55898483,-0.24444279,1
1.18621108,-0.5004324,-1.051827,1
1.52834832,-0.40460963,-1.28318756,1
2.39475242,1.00368019,-3.338326,1
-1.18554452,0.4130142,0.70686691,1
2.69446631,-0.16306151,-1.32926227,1
-1.25620978,-0.42037813,0.80779576,1
1.18757712,-0.50049446,-1.05303118,1
0.24705409,-0.47990212,-0.35035865,1
1.7733298,0.42988391,-0.61248585,1
-0.75953668,1.45821261,0.00674554,1
-0.95963099,-0.28880723,0.44759084,1
-0.92143508,0.52733519,0.29774103,1
-0.07930223,-0.36708176,0.53915821,1
1.26955184,-0.36187201,-0.42640499,1
1.59341696,-0.13737818,-1.40660073,1
0.14955465,-0.36097275,-0.98490953,1
-1.20787163,-0.3468327,0.70934417,1
2.68160902,0.16812865,-0.71353177,1
0.73911124,22.89853862,-0.24684757,1
2.95430419,-0.56625899,-0.87360315,1
-1.31283369,-0.42949193,0.85546169,1
0.99099629,-0.2162502,-0.95127753,1
-0.29916602,-0.31428181,-0.72164832,1
1.34543551,-0.19437743,-1.31099678,1
0.29599781,-0.60133934,0.36279005,1
0.79892011,1.58460022,-1.19931676,1
1.51412871,-0.31769248,-1.33470534,1
-1.28179333,-0.41107211,0.81748374,1
0.28929413,-0.45917242,0.05361988,1
1.42850662,0.57981498,-0.74187171,1
-0.82771985,0.22363166,0.26964225,1
-0.86244395,-0.29024841,0.38903923,1
-0.13997858,-0.3865862,-0.55026244,1
-0.73501062,-0.20149353,0.01880645,1
-1.09211726,-0.14464706,0.53117325,1
0.21319115,0.43156686,-0.81595061,1
-0.85126031,-0.23317492,0.21683943,1
0.54737844,-0.37549768,-1.17129851,1
-1.11293272,0.60235138,0.6459739,1
-1.28547859,-0.58138784,0.69095428,1
-1.27708501,-0.37393631,0.79680051,1
-0.75809978,-0.15159467,0.21392813,1
-1.20427455,-0.41618195,0.7675144,1
-1.28863987,-0.3977268,0.7721835,1
0.52430256,-0.34044488,-1.31328907,1
1.22616026,0.94283409,0.425918,1
0.11384826,-0.04657249,0.08443423,1
1.22772155,0.10556664,-0.88173658,1
-1.23912725,-0.39148351,0.77805465,1
-0.50807254,0.87594732,0.25590106,1
1.19253458,-0.5007197,-1.05740121,1
-1.32210912,0.49947566,0.7980548,1
-1.08754593,0.60415514,0.61825568,1
0.81317704,-0.3785194,-0.30161999,1
-0.16969044,-0.43828019,0.08325701,1
1.31302437,-0.07881585,-1.6038599,1
1.05157577,-0.20476532,-0.15063139,1
-1.25725366,-0.43172125,0.81420847,1
3.78403187,-0.21027623,-2.01102471,1
0.70912059,-0.26515562,-0.80844686,1
-1.21654473,-0.41289695,0.77731375,1
1.90985314,-0.49166628,-0.35280728,1
-1.17020568,0.60503172,0.6879567,1
-0.87235143,0.18087168,0.22530812,1
7.80370525,0.09644054,-6.78503989,1
-0.35373643,-0.63115627,0.54290229,1
2.50520686,-0.13070125,-1.11417483,1
-0.76812895,-0.30510988,0.0681074,1
0.3307904,-0.2626224,-0.06318395,1
0.86789722,-0.37305037,-0.90955652,1
2.62057759,-0.13652609,-1.25923682,1
1.39905925,-0.31883967,-0.84735899,1
-0.80025202,3.82893121,0.1670621,1
-1.28590543,-0.41267434,0.82965672,1
-0.83347757,0.18572144,0.29677704,1
-1.31329611,-0.3786424,0.82279561,1
-0.1702679,-0.41215336,-0.38174731,1
0.65473499,-0.18498407,0.57850841,1
-0.86790552,0.18126649,0.22010445,1
0.83967937,1.87671065,-0.37543459,1
0.60406348,-0.10907564,-0.73582324,1
2.20810328,0.62679934,-1.23017541,1
0.29353315,0.83571183,-1.81078402,1
0.52237754,0.51572988,0.09105701,1
0.84318694,0.31570627,-2.07594811,1
0.14906241,0.36419355,-0.26560645,1
-1.3229566,-0.46285173,0.87460901,1
-1.37690266,3.81286726,0.94475524,1
-1.29750949,-0.38297166,0.78769584,1
-1.25157939,-0.1600192,0.77423538,1
-0.68530344,-0.06907555,0.17164874,1
-0.9212374,0.17653051,0.28252607,1
1.04087761,-0.30612301,-0.61095834,1
1.46497372,0.21900552,-2.0065494,1
-0.8472618,-0.12045066,0.25335909,1
1.20681238,-0.56071627,-0.23460237,1
-1.23639641,-0.41530636,0.79458257,1
0.14473951,-0.48039654,-0.03465088,1
0.76144635,1.24989076,-0.40927334,1
-1.3229566,-0.46285173,0.87460901,1
-0.52829732,-0.3703096,-0.29576253,1
-1.29709361,-0.35765138,0.8138869,1
-0.47244057,-0.5073411,0.48059021,1
-1.3229566,-0.46285173,0.87460901,1
1.01412375,0.05165297,-1.73080201,1
0.07357308,-0.56247499,0.11232269,1
-1.34012196,-0.30791889,0.78732455,1
2.19355918,0.19714351,-2.09724241,1
0.57682517,-0.24721812,-0.04881709,1
1.10551571,-0.44622954,0.00551913,1
0.34406726,0.3477164,-0.80194257,1
-1.29200688,-0.43770462,0.84155872,1
-1.29330018,-0.41824782,0.84173446,1
0.22195228,0.55469996,-0.03293562,1
-1.21892125,-0.4126053,0.77655579,1
-0.3052815,-0.20162648,0.31040034,1
0.8884936,0.04175809,-0.63053455,1
-1.3229566,-0.46285173,0.87460901,1
0.63915648,-0.39392913,0.26926479,1
-1.3229566,-0.46285173,0.87460901,1
-1.08015992,0.52739824,0.4282096,1
0.53638996,-0.27194613,-0.01411616,1
-1.1831469,-0.52338022,0.76593813,1
-1.1664852,-0.33953292,0.60744969,1
-1.22275406,-0.37704682,0.77242766,1
-0.51427845,-0.62824744,0.56170025,1
-1.31168655,1.53774363,0.76771565,1
-1.063622,-0.23832449,0.45732739,1
2.34569492,-0.25029655,0.6500947,1
1.4922665,-0.36966035,-0.97243686,1
1.01092988,-0.00995618,-0.19882218,1
-0.77224813,-0.23147665,-0.02316227,1
-1.3229566,-0.46285173,0.87460901,1
-1.3229566,-0.46285173,0.87460901,1
-1.26779228,-0.40922535,0.81354839,1
1.72028152,-0.25517314,-0.84784451,1
-1.27890004,-0.2079911,0.75506526,1
1.18019722,-0.50015916,-1.04652575,1
0.28951871,-0.01785363,-0.76518456,1
-1.27333558,-0.14971366,0.79596119,1
0.05087999,0.08688128,0.2231353,1
-1.06264315,0.2183976,0.58214637,1
1.91962079,-0.38772501,0.20177431,1
-0.70804218,-0.3715462,-0.21602472,1
0.84545509,0.45219348,-0.50704319,1
0.0441742,0.13400332,-0.60090367,1
-1.36808239,3.81800453,0.93422879,1
-0.40501721,-0.18628542,-0.34243274,1
1.17963431,-0.50013359,-1.04602954,1
0.84496828,0.06359789,-0.93666807,1
-1.08015992,0.52739824,0.4282096,1
1.25793142,-0.36702114,-0.89177761,1
-0.77189053,-0.23255016,0.10669053,1
2.32927779,-0.46556969,0.03907337,1
-1.216823,-0.41916979,0.77869426,1
1.9009657,-0.41595545,-1.7775761,1
-0.61197122,-0.16027829,0.09663097,1
36.05085121,2.05283812,-49.88720215,1
-0.91290782,0.17727019,0.27277682,1
1.40046761,0.26340191,-1.95932015,1
0.82629676,22.69788666,-0.29720481,1
-1.22020585,-0.41192638,0.78025893,1
1.50141246,-0.17027433,-1.44016671,1
-1.26838714,-0.40956192,0.81911534,1
0.6161889,0.27682772,-0.25369478,1
6.55192534,-0.30407125,-2.91276594,1
1.18718676,-0.50047673,-1.05268708,1
0.2075823,-0.40067077,0.1595532,1
-0.41884557,0.03020347,0.63225957,1
0.75529657,-0.19348895,0.35958908,1
-1.27104199,-0.37746388,0.80918364,1
-0.52764287,-0.52740095,-0.12033728,1
-1.29963522,-0.43050787,0.84979232,1
-1.13538075,0.03739682,0.57601763,1
-1.27415608,-0.41052151,0.82125851,1
0.78246647,-0.3176047,-0.69312401,1
0.51920647,-0.29078328,-0.73799391,1
-0.08379885,-0.29089875,0.31100456,1
-1.26267685,-0.4083842,0.80554348,1
1.20071102,-0.50109119,-1.06460879,1
0.49520374,-0.44484495,0.12394655,1
-1.05921209,1.12390561,0.48263717,1
-1.35622415,-0.43429865,0.88684001,1
-1.24456238,-0.40020857,0.79481562,1
-0.90686018,-0.23808444,0.31660641,1
1.80017433,-0.48195552,-1.0996504,1
-0.82807141,-0.36990567,0.28418721,1
-0.69593968,-0.07126596,0.18325444,1
0.57192632,-0.25603531,-0.49545495,1
8.1384714,-0.22921551,0.85832704,1
0.90021785,-0.49284266,0.82979454,1
6.01E-01,-4.61E-04,-1.47E-01,1
0.01707015,-0.55990375,0.01950664,1
-1.3229566,-0.46285173,0.87460901,1
0.0671604,-0.29807798,-0.47569603,1
-1.3229566,-0.46285173,0.87460901,1
0.3722716,-0.46428604,0.03998996,1
-1.29127352,0.26254728,0.78456414,1
-0.2168725,-0.16656805,0.04248569,1
-1.34172198,-0.39561379,0.86173695,1
1.43812368,3.6652028,-1.40340661,1
-1.37927203,-0.31387792,0.82801163,1
-0.28207258,-0.18357887,-0.42983886,1
1.53248974,0.13720243,-0.74102937,1
-0.96135952,-0.21498731,0.32372446,1
-1.3229566,-0.46285173,0.87460901,1
-1.69383988,-0.56921739,1.20347793,1
1.58862878,-0.1850374,-0.37237972,1
-0.45759954,0.43716468,-0.10263349,1
-0.84868091,0.09832098,0.4034448,1
1.35873308,-0.0993029,-1.22144427,1
-0.59144119,0.40281174,-0.2402006,1
-0.82910103,0.1847124,0.17468624,1
-0.50940732,-0.26691415,0.14386491,1
0.33266947,-0.17758477,-0.2099039,1
0.4522968,-0.14551641,0.11330579,1
-1.2163552,-0.73698779,0.6680058,1
-1.3229566,-0.46285173,0.87460901,1
-1.29524841,-0.40912049,0.8383912,1
0.57415734,0.23445412,-0.34107553,1
-1.3229566,-0.46285173,0.87460901,1
-1.22556206,-0.32041491,0.74025925,1
0.37093918,0.40182485,-0.0966859,1
-1.42261963,0.47231924,-0.91841946,1
-1.21177772,-0.41532123,0.68968905,1
-1.29481802,0.89120715,0.81970089,1
0.82818296,1.13077016,0.30778765,1
-1.3229566,-0.46285173,0.87460901,1
0.66942774,-0.05605673,-0.68848449,1
0.50956398,0.03059343,-1.11058751,1
-0.67311289,0.31711753,0.10637948,1
1.08729741,-0.4385574,-0.90554814,1
-0.14183965,-0.26701325,-0.2810493,1
2.40392767,-0.07105872,-1.04756463,1
-1.27069667,-0.387153,0.8075592,1
-0.25269753,0.2093743,-0.36595486,1
-1.3229566,-0.46285173,0.87460901,1
-1.3229566,-0.46285173,0.87460901,1
2.95432167,-0.18234791,-0.06695781,1
1.99537173,-0.10789713,0.30361537,1
0.14882165,-0.51451458,-0.17697056,1
-1.08525778,-0.1724533,0.52468481,1
-1.08465969,-0.39675073,0.52655329,1
-0.38977544,-0.2263152,-0.49688543,1
-0.7770426,-0.42686129,0.0900672,1
0.86554828,0.39219375,-0.9264886,1
0.03780445,-0.19703498,-0.1512115,1
1.1622655,-0.49755038,-0.24601049,1
0.73154398,0.52600244,-0.45999788,1
-1.13185113,-0.29107446,0.62362256,1
2.42324993,-0.07144673,-0.56952131,1
2.76882681,-0.18765758,0.82267062,1
-0.88306885,0.17991995,0.23785218,1
-1.3229566,-0.46285173,0.87460901,1
-1.27698162,-0.3860406,0.80325769,1
-0.53628422,-0.1763288,-0.19459629,1
-0.82302117,-0.13523135,0.26674046,1
0.37605827,2.63386852,0.20562964,1
2.50529186,-0.13071415,-1.11429026,1
-0.15448288,-0.29254627,0.01915455,1
-1.3229566,-0.46285173,0.87460901,1
-1.32330096,0.49881314,0.80104775,1
-0.94747934,-0.24706249,0.39194247,1
-1.25072837,-0.35480292,0.74177285,1
0.30291869,-0.31445832,-0.09957636,1
1.91693986,-0.48873605,-1.36537937,1
0.39553735,-0.41487874,-0.03159185,1
-1.11848447,2.44420503,0.28957568,1
-0.62238724,-0.09671992,0.2443085,1
-1.16129284,-0.54377207,0.72212722,1
2.13100298,-0.44903917,-0.63369808,1
-1.3229566,-0.46285173,0.87460901,1
-1.30588312,-0.42064382,0.8469378,1
0.38663394,-0.21148202,-0.4121567,1
-1.3229566,-0.46285173,0.87460901,1
-1.29647635,-0.21683796,0.77910885,1
2.35083974,-0.48690649,-0.61728742,1
-1.3250957,-0.3754925,0.84676334,1
-0.95698168,-0.27855647,0.46362552,1
1.76655423,-0.40494928,0.67259775,1
-1.10494458,-0.40808827,0.57916527,1
0.27863612,0.3908179,-0.15529715,1
1.43070631,-0.23133956,-0.39380184,1
2.21914145,-0.26847187,-1.70990307,1
-1.3229566,-0.46285173,0.87460901,1
0.23590687,0.0877045,-1.05957187,1
-1.24170319,-0.36050712,0.68588855,1
1.56156627,-0.27912499,-0.6428122,1
-0.95540463,0.00675942,0.41297834,1
-0.36475979,-0.01099317,-0.09301461,1
-1.20513561,-0.62786946,0.70775042,1
1.8357781,-0.49747225,-0.537597,1
2.18914375,0.1969679,-2.09452315,1
2.42714983,-0.07203621,-0.57036013,1
-1.0135809,1.96744208,0.26617637,1
2.53633842,0.30509637,-1.62314589,1
0.87195815,0.2196456,-0.13539838,1
0.31044826,-0.42431222,0.08553423,1
-1.3229566,-0.46285173,0.87460901,1
0.55209983,-0.43825493,-0.04599064,1
0.30808885,-0.49789333,-0.35311716,1
-1.3229566,-0.46285173,0.87460901,1
2.20608612,0.10986332,-0.76442175,1
-1.40099267,-0.45150266,0.92705769,1
-0.85524225,-0.28996422,0.3868602,1
2.27646483,-0.11723919,-1.21495319,1
0.5404553,0.12651302,-1.31470324,1
1.01E+00,-3.38E-01,-1.32E-04,1
-0.10174461,-0.19774152,0.81351954,1
-0.86880473,0.22788108,0.3009543,1
-0.88490007,-0.45197237,0.32998587,1
0.03776553,-0.40309168,-0.37934498,1
-0.82556754,0.18502618,0.17055051,1
-1.3229566,-0.46285173,0.87460901,1
1.0455703,-0.17864565,-0.48046203,1
-1.3229566,-0.46285173,0.87460901,1
1.20143781,-0.50112421,-1.06524946,1
-1.3229566,-0.46285173,0.87460901,1
0.59648357,-0.0968987,-1.31842365,1
-0.8062097,-0.260291,0.42446264,1
-1.33402779,-0.44408697,0.87581988,1
2.68800173,0.16659268,-0.71696963,1
0.93037306,-0.31293093,-0.6109594,1
-0.8652059,0.19452939,0.3364633,1
-0.2638401,-0.41214035,-0.67758807,1
-1.24909545,-0.42114548,0.80394162,1
-1.19938253,-0.2229978,0.75462622,1
0.83905612,-0.2841938,-0.24459822,1
0.95765236,-0.54629146,0.08151731,1
-0.99389203,-0.29763184,0.50324377,1
-0.8315657,0.18449353,0.17757099,1
0.46895605,-0.49875608,-0.07155113,1
-1.23962482,0.21439637,0.73658287,1
-1.26711822,-0.33055121,0.78147328,1
-1.33354473,-0.41371941,0.86273116,1
1.71133703,-0.53270084,-0.88732777,1
-1.27130931,-0.41503632,0.82085581,1
-1.20078552,-0.1594673,0.69885517,1
-1.26809306,0.23692849,0.77676678,1
0.80958443,-0.24063025,-0.79025091,1
-1.11302841,-0.2143231,0.6052792,1
-1.12523636,-0.30510228,0.55353194,1
1.9504189,-0.29047722,-0.67831271,1
-0.30128206,-0.35239067,0.10185638,1
-1.3229566,-0.46285173,0.87460901,1
-1.24841517,-0.41374853,0.8044592,1
-0.92856319,0.17587997,0.29110044,1
-0.92587637,-0.16832338,0.5384578,1
-1.3229566,-0.46285173,0.87460901,1
1.8519067,-0.66073688,-0.99992281,1
-1.3229566,-0.46285173,0.87460901,1
-0.96642589,-0.21704992,0.32882174,1
1.0256029,-0.37582886,-1.86872377,1
0.47516051,-0.34663145,-0.35335145,1
-1.3229566,-0.46285173,0.87460901,1
0.21311307,-0.37401989,-0.84523039,1
-1.3229566,-0.46285173,0.87460901,1
0.13756115,-0.04921457,0.19950375,1
1.52904914,-0.40453746,-1.28373653,1
0.27829992,-0.47898718,0.04413983,1
-1.29321982,-0.39027676,0.82073967,1
1.03899013,1.55678007,-1.39999355,1
1.86255145,0.49514521,-1.79439294,1
-0.9484309,-0.32355971,0.33865643,1
-1.23812932,-0.40156027,0.78984162,1
1.04679278,0.50874867,0.48354288,1
-1.29010377,-0.44595428,0.84435652,1
-0.43917935,-0.19058451,-0.64216507,1
-1.29237789,-0.44629049,0.84616948,1
-0.90402716,-0.23592559,0.30794946,1
-1.3229566,-0.46285173,0.87460901,1
-1.11081174,-0.20908521,0.59813011,1
2.08119946,0.50517516,-1.44076302,1
1.18718408,-0.50047661,-1.05268471,1
-0.95406647,0.09341229,0.47559656,1
1.00522393,-0.3023052,-1.29124542,1
-1.3229566,-0.46285173,0.87460901,1
-1.3229566,-0.46285173,0.87460901,1
0.43958982,-0.33153297,-1.09635726,1
-1.15219833,-0.30559201,0.64311635,1
-0.48431998,6.99878611,-0.18880621,1
2.03918459,-0.1766631,-1.72264905,1
-1.29548706,-0.38774034,0.81037328,1
1.97871111,-0.43149531,-0.30248957,1
1.20805367,-0.5014248,-1.07108138,1