-0.07781071,1.22748759,-0.05198351,0
-1.12009113,-6.76728111,2.79578623,0
-0.20647326,0.36045242,0.02589017,0
0.1172826,1.83189317,-0.24779291,0
0.93006148,1.96452967,-0.29160173,0
-0.60340997,-2.78413168,0.322067,0
0.09848752,1.88448158,-0.25395951,0
5.12434503,3.09711214,-0.82574162,0
-0.48063424,-1.85039259,0.71776086,0
-0.64461933,-3.07294189,0.71805494,0
0.1078613,2.23400005,-0.32684671,0
-0.20657289,0.57124143,0.03387573,0
-0.62908578,-3.22956595,1.19630982,0
-0.44552889,-1.90678917,0.39754896,0
-0.83318721,-4.45377706,0.35338903,0
-0.53080721,-2.24339495,1.35282716,0
-0.72933123,-3.38935799,0.64767848,0
-0.61774213,-2.34645221,0.51646032,0
-0.50053482,-2.04958479,-0.17314335,0
-0.34413716,-1.28107068,0.64572591,0
0.6770426,2.02099891,-0.30546071,0
-0.61062709,-2.59541819,0.33332046,0
0.14524343,2.10132192,-0.28874848,0
0.28747768,-2.54891157,-2.02144277,0
-0.10252007,1.03675454,0.11460212,0
-0.08488951,1.2105895,-0.01599614,0
-0.29880036,-0.60775608,0.26601135,0
0.55468564,2.60429241,-0.50749677,0
0.2248153,1.67580735,-0.20708546,0
-0.87688592,-4.80522369,1.8501167,0
0.40163888,3.14616675,-0.76551274,0
0.09210509,1.87562435,-0.1928741,0
-0.65609572,-2.04673987,0.51440206,0
-0.39006524,-1.45223276,0.42082694,0
0.62124992,1.77959408,-0.2498274,0
0.70390189,2.0030013,-0.31555605,0
1.78341568,1.62330781,-0.23892321,0
-0.06534441,1.28084524,-0.04629258,0
-0.19809581,0.11031339,0.0963978,0
-0.03082667,1.01379097,0.04009256,0
0.1020776,1.85276295,-0.20406784,0
0.16621904,2.12484114,-0.34818578,0
-0.12589641,1.02083635,0.08627382,0
-1.18905862,-6.59364568,1.92792277,0
0.11196798,2.4993061,-0.52942203,0
-0.14723991,0.67289642,0.04956975,0
-0.19345668,0.71056452,0.16962871,0
0.06586257,1.80055233,-0.30880806,0
-0.38872969,-0.92542459,0.37922823,0
-0.65165992,-2.57191053,0.48336816,0
-0.43170311,-1.43143324,0.570657,0
-0.33263986,-0.17268545,-0.02024428,0
-0.63021618,-3.27078941,1.44809717,0
-0.08157747,1.25328386,-0.01181911,0
0.11116592,1.9179149,-0.28234566,0
0.12115318,1.92589607,-0.24451116,0
-0.47954779,-0.99655041,0.48207293,0
0.05737898,1.81595189,-0.20511148,0
0.27663804,1.58710565,0.13340163,0
-0.09354786,0.87974874,-0.01880517,0
0.02930756,2.19109996,-0.35552233,0
-0.22326003,-0.12906369,-1.44104966,0
-0.2845937,-0.13496333,0.11161102,0
-0.81875271,-4.11612193,0.69664472,0
-0.34707762,-0.67108196,0.02141324,0
0.04582628,1.59981423,-0.15104728,0
0.13086846,2.14301415,-0.31639485,0
-0.9573917,-5.19644314,2.00103954,0
0.25860013,1.8536752,-0.25264995,0
-0.31244824,-0.49637277,0.16192486,0
-0.04255487,1.14478021,0.02755813,0
-1.09443774,-6.1122317,1.04576701,0
0.28462757,1.91369488,-0.28344959,0
-0.52112538,-1.7557909,0.61112494,0
-0.2520453,-0.21506765,0.11822671,0
-0.03453307,1.27111367,-0.06556723,0
0.12469996,2.01400742,-0.30174237,0
-0.46993354,-1.71417432,-0.30060033,0
-0.62821351,-3.19384681,0.89507821,0
-0.6322034,-3.45472181,2.04657278,0
-0.16897451,0.85518784,0.15724472,0
-0.2888022,-0.21999154,0.40215235,0
-0.19771386,0.38109855,-0.02372954,0
-0.43771681,-1.2086655,0.44528368,0
-0.03184912,1.52184823,-0.01131239,0
4.97067324,2.38563226,-0.53444128,0
-0.0499042,1.19988403,0.05089046,0
-0.46182359,-1.7138907,0.40204031,0
-0.56222453,-2.63379131,0.16584495,0
-0.33881567,-1.15568038,0.46112121,0
-0.08099604,1.12426873,0.02150173,0
-0.35650818,-0.62602449,0.20261757,0
-0.79110118,-3.80653709,1.36372951,0
-0.28439982,-0.74282189,-0.25842666,0
-0.29998768,-1.23787268,0.46114372,0
-0.52758782,-2.06023678,0.20049998,0
-0.08266606,0.93904254,-0.01472194,0
-0.44999751,-1.57975411,0.90801979,0
-0.07484125,0.98322991,0.21803048,0
-0.32981955,-1.03101597,-0.19371355,0
-0.08454812,0.93655864,0.24590105,0
-0.50086785,-2.06887,-0.38788138,0
-0.23732309,0.41852647,0.42070197,0
-0.04133472,1.63960964,-0.22367311,0
0.30764486,2.12373778,-0.29829911,0
-0.1281301,1.93690149,-0.31822645,0
-0.14949802,0.9642211,0.08091494,0
1.3683619,1.4875487,-0.17746069,0
0.77651881,1.74602122,-0.23248274,0
-0.18422212,0.5284146,0.04998856,0
-0.28158941,-0.65840734,0.6927443,0
-0.29674426,-0.76327325,0.26575765,0
0.04056119,1.79207782,-0.21038946,0
0.08440071,2.03753574,-0.25028109,0
-0.70461311,-3.96907964,1.87152676,0
-0.79713316,-3.03136018,0.5061773,0
0.25285564,2.6060486,-0.46366688,0
1.24980541,1.95063327,-0.24194358,0
-0.39787197,-1.08529639,-0.59264348,0
-0.16765849,-0.00835807,0.00205161,0
0.08317634,1.83484015,-0.17119155,0
-0.36763989,-1.41115509,0.29681504,0
-0.7192754,-3.34984863,0.99057025,0
0.28871067,3.03188307,-0.71617984,0
-0.404398,-1.14386248,-0.50474221,0
-1.82521814,-11.53774565,6.51089572,0
0.17845766,2.95054537,-0.59980573,0
-0.09758853,1.16063727,-0.01916094,0
1.13289872,1.73578448,-0.26456353,0
-0.39969749,-1.32549173,0.57881819,0
0.08444394,1.96837465,-0.26657541,0
-0.22611976,-0.96669241,0.54402984,0
-0.5311903,-2.06703696,0.49779979,0
-0.22076451,-0.45693287,-1.0573406,0
0.24772047,2.3628154,-0.44601717,0
0.32297797,2.00331639,-0.29033306,0
0.1077662,2.09173863,-0.27297216,0
0.04759683,2.00851104,-0.20348918,0
0.35331745,1.73350191,-0.2002529,0
0.15537528,2.07858617,-0.30431286,0
-0.13227294,0.71660058,0.06066845,0
-0.444602,-1.62387393,-0.22963672,0
-0.5696436,-2.41478678,0.89131516,0
-0.18441911,0.38174166,0.14007572,0
-0.65525101,-3.25384878,0.68203723,0
-0.65178729,-2.57281856,0.48394,0
-0.76338657,-3.98176976,1.23184155,0
-0.41236985,-1.05477981,0.12362247,0
-0.81667249,-4.51980803,0.3699671,0
-0.37958006,-0.95892615,0.1718357,0
-0.10408123,0.38734216,-0.1248215,0
-0.29085882,-0.7229304,-0.01694861,0
-0.16952801,0.45310112,-0.19875906,0
-0.87924778,-4.29899085,0.17544085,0
-0.66842222,-3.55055076,1.11473699,0
0.08530213,1.77030548,-0.18370224,0
-0.09795093,0.86048431,-0.1170772,0
-0.19403494,0.56579471,0.19037279,0
-0.59133812,-2.15423626,0.09027224,0
-0.41914048,-2.02021217,1.49945163,0
-0.03744347,1.26367556,-0.02914381,0
-0.47999153,-1.84559399,0.71547703,0
1.6883369,1.5929302,-0.23980011,0
0.04892808,1.80801729,-0.27226159,0
0.65889765,1.74934108,-0.23831818,0
-0.00707965,1.44057435,-0.08937515,0
1.53536102,0.96787398,0.03355712,0
-0.05724666,2.25473356,-1.89420336,0
-0.33651116,-1.13880311,0.45473425,0
-0.45040061,-1.49169954,-1.18189005,0
-0.84439853,-4.32748409,1.01639617,0
-0.22508753,0.31004605,0.09533221,0
0.03954725,1.46676585,-0.10466524,0
-0.45626627,-1.32096306,0.86280954,0
-0.81744731,-4.14642804,1.13432079,0
-0.78842862,-3.66321841,0.9734501,0
2.33309854,1.65961667,-0.30843194,0
0.40445648,4.03158585,-0.94177331,0
0.17402471,1.93582729,-0.26584267,0
1.48770768,0.55004392,-0.054729,0
-0.70192527,-3.39143637,1.08936696,0
-0.32112228,0.0079456,0.26620136,0
0.08288473,1.78095714,-0.25684105,0
-0.1514087,0.45111451,-0.04548681,0
0.18539263,2.03308313,-0.29372595,0
1.26836171,3.08429834,-0.63269175,0
0.22391998,2.32271509,-0.38669039,0
-0.20515277,0.32161421,-0.1589725,0
-0.71787002,-3.74179354,1.36676513,0
-0.18523116,-0.03533185,0.46934515,0
-0.09302294,1.82481181,-0.22174572,0
-0.18066434,0.73862792,0.24014461,0
-0.24271848,0.61708905,0.28940404,0
-0.28941808,-0.93792641,0.36555177,0
-0.10137172,2.41821117,-0.37683158,0
-0.58978393,-2.84523566,1.17950219,0
-0.51668581,-1.94071207,0.40139527,0
-0.56135438,-1.60524882,0.78356892,0
-0.05371424,1.2658748,-0.02312083,0
-0.65436692,-2.59121014,0.49552222,0
-0.04325395,1.36393249,-0.06104618,0
-0.11221849,0.76551467,0.02499083,0
-0.68008336,-3.48910275,1.05285318,0
0.09577128,2.07043254,-0.28019091,0
-0.5773844,-2.1003396,0.97126509,0
-0.08368893,1.64102557,0.21629913,0
-0.07862318,0.92932238,0.01262547,0
0.11649754,2.14572789,-0.33762721,0
-0.60853092,-2.82058776,0.33974398,0
-0.44152489,-1.34515101,0.23862168,0
0.19443913,1.90114098,-0.26395167,0
0.08340965,1.85044637,-0.17994959,0
0.66802305,2.24946626,-0.38170518,0
-0.17438678,0.03040028,-0.73998946,0
-0.07528842,1.19309187,0.00733322,0
-0.10527208,1.204188,0.00782163,0
-0.00719025,1.44030783,-0.08912196,0
-0.27568125,-0.36844745,0.63359241,0
0.2937991,1.84379639,-0.26452195,0
0.09084149,1.73806426,-0.22331914,0
0.47171526,1.96374876,-0.28196282,0
-0.43642281,-1.32830618,0.36476932,0
0.05332202,1.64626524,-0.16547706,0
-0.33041578,-0.60474245,-0.18002155,0
-0.00545741,1.53039872,-0.15993817,0
0.18648265,2.2696254,-0.3644203,0
-0.34086277,-1.31290402,0.76467217,0
0.14759315,2.21005303,-0.36215391,0
0.57581339,1.85998189,-0.25032714,0
-1.30035743,-7.75004702,-0.13127345,0
0.63776546,1.80659954,-0.26012714,0
-0.46620198,-1.71227392,0.43855949,0
0.80248248,1.57773109,-0.15301339,0
-0.51224615,-2.41589266,1.50040757,0
-0.44228475,-1.35752219,0.35461419,0
-0.16874072,0.56553478,-0.64652764,0
0.76830533,3.03326163,-0.67310023,0
-0.27951758,-0.64240577,0.00141232,0
-0.47652785,-1.92043795,1.0237438,0
-0.34008864,-1.34269701,0.84518221,0
0.09508825,1.98564092,-0.2626547,0
0.11619797,1.76750733,-0.22817371,0
-0.08005816,0.92011354,0.01600605,0
-0.01056546,-0.33975823,0.22231674,0
-0.25068631,-0.37100795,-0.44759196,0
-0.1426128,1.02111565,0.07961468,0
-0.70458471,-3.96885498,1.87132756,0
0.13461407,2.05918442,-0.28556618,0
-0.4676287,-0.83403457,-0.35254537,0
0.07626998,2.01368091,-0.22519638,0
0.07784434,1.94152572,-0.23545262,0
0.09314078,1.825351,-0.23719775,0
0.09562432,2.10352368,-0.29674628,0
-0.61507295,-2.55842634,0.53001781,0
0.15376607,1.80738321,-0.23687289,0
-0.67554212,-3.28957583,1.58247612,0
-0.14933908,1.26915039,0.19073627,0
0.12862851,2.49162729,-0.49055921,0
-0.01904848,1.42139345,-0.08851582,0
-0.11670762,0.27986034,0.1966577,0
0.11226863,2.1025045,-0.27799564,0
1.32098801,1.64033047,-0.22968709,0
-0.77777883,-4.19128108,1.47790152,0
0.14796879,2.45165829,-0.39260899,0
-1.11039903,-5.52080944,0.54955024,0
-1.06616682,-4.98824811,-0.69991675,0
-0.73334728,-3.79054901,1.05035543,0
-0.93162497,-4.48074283,1.53570221,0
-0.1851342,0.81070544,0.17895929,0
-0.12960186,1.07210508,0.10278123,0
0.09659097,2.06526988,-0.31173897,0
0.13394835,2.10560303,-0.34771493,0
-0.23350913,0.06274106,-0.00733863,0
-0.11426201,1.02452578,0.09667396,0
0.1327023,1.98772893,-0.28957539,0
0.37164738,1.74855015,-0.23304526,0
0.13441106,2.06889189,-0.31282963,0
0.05121265,1.84274872,-0.21315659,0
-0.67022002,-3.60533485,1.89014907,0
0.64737589,2.08865333,-0.30743406,0
-0.31786007,-0.94621974,0.10560369,0
-0.45982052,-1.61507218,-1.01122011,0
0.06554029,1.93798582,-0.2375409,0
-0.15580389,-0.04776842,-0.18158847,0
-0.48978697,-2.3282345,1.27366156,0
-0.10855244,1.00681316,0.11060935,0
0.18477832,2.19903318,-0.32724743,0
0.19773081,1.6765683,-0.18679139,0
1.55115802,0.93529093,-0.10903647,0
0.28930554,1.89809683,-0.30297424,0
-0.10698344,0.71203348,0.04931039,0
-0.49779104,-1.94603737,0.63719509,0
-0.58419824,-3.28771194,-9.27098811,0
-0.22435717,0.21063312,0.38134448,0
-0.73255818,-3.59060317,0.15546515,0
0.0943404,1.79530498,-0.17508999,0
-0.14655501,0.05364894,-0.44865443,0
-0.19324329,0.19528702,0.14659927,0
0.15978463,2.29588186,-0.37144574,0
-0.72670944,-3.37075182,0.64727247,0
-0.62363907,-2.66505198,-0.6231958,0
0.00550209,2.24380927,-0.34808261,0
-0.06466233,1.17559086,-0.25076005,0
0.1207416,2.07924721,-0.3516837,0
0.12997032,1.97929365,-0.28706222,0
0.2857772,1.91170427,-0.28301178,0
-0.12397222,0.5134933,0.16689757,0
0.30059811,1.76196827,-0.22656897,0
0.644699,2.39824427,-0.47530514,0
0.04216191,1.06332126,0.07826031,0
0.15499124,2.19282288,-0.31825545,0
-0.48014658,-1.84675163,0.716028,0
-0.01191158,1.57223149,-0.18488902,0
-0.26649896,-0.37657314,0.30328909,0
0.99855301,1.5740364,-0.21782208,0
0.59013508,1.72039626,-0.22061367,0
0.13359367,2.0603669,-0.34197449,0
0.14929131,2.1323591,-0.34992168,0
-0.3339614,-1.50536095,1.34331255,0
-0.59908488,-2.95967075,0.72204255,0
0.11196798,2.4993061,-0.52942203,0
-0.38310209,-0.97900578,0.20468806,0
-0.15535745,0.48107501,0.25427345,0
0.25753962,2.52159544,-0.4685609,0
-0.48504002,-2.36992972,0.73654407,0
-0.2787659,-0.6370687,0.00262926,0
0.62523576,1.84063201,-0.26436375,0
0.24848185,2.07316633,-0.28013661,0
0.64902856,2.08330866,-0.30814907,0
-0.50418196,-1.30485895,-0.50529434,0
-0.59361637,-2.2276036,-0.6244716,0
-0.0138759,1.47378816,-0.09644952,0
0.17254182,2.04969392,-0.30657494,0
-0.01747011,1.72970251,-0.07324672,0
-0.14081891,0.55191498,-0.10555257,0
0.24922336,1.96341741,-0.32855471,0
0.10225935,2.01801999,-0.28074624,0
0.16183605,2.30655343,-0.34953121,0
-0.14010001,0.53383646,-0.18310231,0
1.62500864,2.43451055,-0.56932075,0
-0.72745872,-3.55902191,0.10083588,0
-0.91890858,-4.67763189,1.11144119,0
-0.21501331,0.03923089,-0.09408472,0
-0.73217123,-3.51152713,1.24028702,0
-0.44690312,-2.05471966,0.75991253,0
1.43439322,4.38667478,-1.26929663,0
1.26523978,2.07105373,-0.33365638,0
-0.4421115,-1.46255374,0.72043503,0
-0.84531754,-4.7606919,0.69919146,0
-1.89382829,-14.92356425,-38.44621711,0
-0.08288973,1.49544229,-0.04738683,0
-0.17384307,0.32944498,0.00961904,0
-1.1670414,-5.95543835,0.58593322,0
-0.74131381,-3.11654577,0.89462031,0
0.36352975,2.22376682,-0.38479177,0
-0.58260024,-2.87243822,0.90635854,0
-0.74427659,-3.29931593,0.89711419,0
-0.39392147,-1.33641637,0.30466897,0
-0.54298169,-2.33040482,0.71833438,0
-0.74679709,-4.6376473,2.06255272,0
-0.09485098,1.12085172,0.06226423,0
-0.51523518,-1.95355571,0.40662429,0
-0.33836964,-0.64432651,0.46345719,0
-0.11847467,1.07722735,0.05144371,0
0.16868322,2.04642457,-0.29433523,0
0.10514006,1.93120569,-0.31351995,0
1.28847606,1.73991816,-0.25353787,0
0.26115804,2.37836385,-0.39321621,0
0.12523488,2.04433522,-0.25134522,0
-0.79193692,-4.25361235,0.90718673,0
0.32186345,1.95196954,-0.28318909,0
-0.10188034,1.31299898,-0.08910615,0
-0.01059673,1.79556377,-0.19777769,0
-0.14883735,0.50328745,0.07965783,0
0.94915171,1.90410015,-0.29044681,0
-0.40786401,-1.15199361,-0.35200453,0
0.15681673,1.57237155,-0.05031316,0
0.10173039,1.88833757,-0.25527708,0
-0.40721254,-1.5713288,-0.11459043,0
0.12669785,0.72448956,0.24469303,0
-0.02701115,1.51434115,0.02893075,0
-0.89862876,-4.90209602,1.90283326,0
0.07757776,1.89621871,-0.40932334,0
-0.83545085,-4.28953067,1.10192937,0
-0.27931491,0.10349061,0.35595492,0
0.10032469,1.76943724,-0.28221753,0
0.3406769,1.86649781,-0.25583622,0
-0.5961753,-2.73663769,0.30669603,0
-0.21007781,-0.81932056,0.31572067,0
-0.02494901,1.54041057,-0.13409587,0
-0.21723229,0.45222605,0.086928,0
-1.70321667,-9.35277902,0.9648173,0
-1.34894311,-6.10545852,1.53387099,0
-0.00626804,1.7716532,-0.19549849,0
0.13479066,1.938934,-0.26106753,0
-0.09829315,1.42529768,-0.06702243,0
0.05138815,1.83033759,-0.21115236,0
-0.78106325,-3.76253297,0.2803197,0
-0.19568301,0.41847724,0.12527353,0
-0.74668538,-3.970391,1.35661664,0
0.15193575,1.91381969,-0.24900428,0
0.13944558,2.11988196,-0.32258718,0
0.11100208,2.62793707,-0.36508283,0
0.28717151,1.91205044,-0.28167934,0
0.24918742,1.60600103,-0.171897,0
3.83519264,1.20892993,-0.17921153,0
-0.37095429,-1.3966549,-0.16629185,0
-0.50745951,-1.75802142,0.71066859,0
-8.29E-04,1.68E+00,-1.67E-01,0
0.08777673,1.72455176,-0.13828383,0
0.15206211,2.380196,-0.41987101,0
0.0775196,1.61570118,-0.12508656,0
-0.27412281,-0.47670802,0.04653182,0
-0.76076993,-3.64129783,1.30929322,0
-0.20182314,-0.43893954,0.56277266,0
-1.05183548,-5.36790026,0.44835031,0
-0.27997566,-0.69606748,0.12006907,0
0.05809049,1.70304109,-0.21238787,0
-0.23184081,0.26580437,0.08814373,0
0.16801163,2.09864256,-0.31994011,0
-0.08636382,1.03830615,-0.02284131,0
-0.41060206,-1.17795399,0.40673039,0
1.69162543,1.74726452,-0.21219714,0
-0.04237235,0.29413374,0.17228022,0
-0.34075743,-0.55713357,0.16976424,0
-0.52069598,-2.62693054,1.18731028,0
0.03416122,1.67010433,-0.2765787,0
1.61195661,1.58718226,-0.21143642,0
-0.63431709,-3.08951152,0.22838281,0
-0.1186186,1.0768832,0.05160429,0
-0.7443124,-3.91133167,1.36928849,0
0.14639861,2.16140946,-0.31290971,0
-0.60889794,-2.58272828,0.33148722,0
0.21941009,2.40554399,-0.44760764,0
0.03340568,2.37849557,-0.32168224,0
-0.28482655,-0.63769469,0.2327203,0
0.06276251,1.90728708,-0.26032414,0
0.00748283,1.4602783,-0.12297071,0
-0.34306882,-1.47757522,1.03304201,0
0.12834902,2.31975222,-0.35591399,0
-0.32745911,-0.19788717,-0.00146759,0
0.27527195,1.98882769,-0.2953361,0
0.1351365,2.14528351,-0.27510771,0
0.08703992,1.88053796,-0.22422106,0
0.23323314,2.3583022,-0.31684324,0
-0.63044087,-3.1387995,1.53985007,0
0.01303034,1.41272784,-0.09291631,0
-0.52733048,-1.94690972,0.90209955,0
-0.13978418,0.31911481,0.32509033,0
-0.25643566,-0.00321595,-0.1233272,0
-0.39926254,-1.08307268,0.31783424,0
-0.19326402,0.40637907,-0.17057473,0
-0.00634323,1.33836529,-0.1139133,0
-0.64921603,-2.72126626,0.74030377,0
-0.37827628,-1.26109939,0.06067209,0
-0.1315131,0.72081902,0.0600485,0
-0.54359721,-1.71931129,0.24186207,0
-0.65134093,-2.56963626,0.48193592,0
-0.20526295,-0.78593663,0.30116167,0
-0.78276389,-4.03341985,0.08008136,0
-0.8216808,-3.99499693,0.44000197,0
-0.14845135,0.1517338,0.00145708,0
-0.4217144,-1.2224472,-0.24430144,0
0.59504561,2.31701049,-0.34904627,0
-0.40176861,-1.01221096,0.08104927,0
-0.05714422,1.66032817,-0.14610964,0
0.28797934,1.9078912,-0.28217314,0
0.10457164,1.7566892,-0.19259931,0
-0.39499979,-0.95271994,0.35640344,0
-0.23115315,-0.13074201,0.1599358,0
-0.50298461,-1.09332237,0.45090314,0
0.28970721,2.23489646,-0.38014328,0
0.39246537,2.0086795,-0.29479545,0
0.1262983,2.16208103,-0.34157818,0
-0.87392989,-4.78059371,2.38497631,0
-0.6769264,-3.60554803,1.64683327,0
-0.22431472,0.24767106,0.23121948,0
0.07249321,1.6355784,-0.1498951,0
-0.29090449,-0.71811978,0.20292393,0
-0.59223673,-2.77181246,1.10732765,0
-0.61874206,-2.22072907,0.50768087,0
-0.65621286,-3.14239326,1.46511811,0
-0.47200164,-2.42413677,1.50508765,0
-0.68002016,-3.64360825,1.1905837,0
-0.74708852,-4.71958562,-8.13226863,0
-0.04750213,1.27781939,-0.06948006,0
0.67340887,2.24394004,-0.40942047,0
-0.15126116,0.44627023,-0.0799256,0
0.08212998,2.07940638,-0.26506388,0
0.14837589,2.26707091,-0.32802681,0
-0.29492563,-0.41847902,0.11273908,0
0.17320224,2.32094287,-0.35599856,0
0.03854552,1.77269437,-0.25608389,0
0.77506428,1.72670756,-0.21578757,0
-0.18701101,0.70368306,0.1646815,0
-0.71316684,-3.30976177,1.09004628,0
-0.45908817,-1.51934703,0.54331858,0
-0.44674321,-1.60146189,0.69296108,0
0.31345538,2.25071978,-0.35654235,0
0.15623762,2.21886412,-0.34817272,0
-0.11506828,0.85244615,-0.05931951,0
0.07938213,1.85277718,-0.19235743,0
0.74299952,1.92697657,-0.29280254,0
0.18865262,1.48940197,-0.34014708,0
0.09352425,1.8204084,-0.3131024,0
-0.36476554,-0.71267228,0.2269003,0
-0.33734367,-0.53278003,0.16375778,0
0.67721299,2.00874454,-0.3043218,0
-0.22342312,-0.64694482,0.40554136,0
0.1707917,1.95151962,-0.289116,0
-0.05378055,1.964627,-0.31256156,0
-0.24142054,-0.53589009,0.05492204,0
0.00583919,1.48833957,-0.04334234,0
-0.15750767,0.8017867,-0.05824986,0
-0.17959829,0.36203427,-0.28868426,0
0.12270325,2.18368916,-0.39596491,0
0.26500294,1.61702215,-0.17636346,0
-0.31347479,-0.70264046,-0.82441614,0
0.09189759,2.17735423,-0.29886127,0
0.11023802,2.03399495,-0.29131138,0
1.0059635,1.60801232,-0.23384175,0
0.03760461,1.58645701,-0.08344174,0
-0.22300044,-0.50557024,-0.07831901,0
0.03236235,1.66027883,-0.2709637,0
-0.42458698,-1.47648718,0.06052767,0
-0.29701454,-0.76534039,0.2668145,0
-0.81116762,-4.03843164,1.03107642,0
1.30215856,1.86482598,-0.2709331,0
-0.4952261,-1.55876872,0.13567848,0
-0.04113209,0.29841541,0.16912237,0
0.28275459,1.916938,-0.28416287,0
-0.80786879,-3.9796823,1.41259878,0
-0.3216166,-0.66236251,0.42416637,0
0.16922237,3.22752728,-0.74281985,0
0.9216438,2.45692266,-0.51047124,0
0.17243787,1.95688322,-0.29332107,0
0.02003512,1.47952183,-0.08020606,0
0.27980391,1.85047877,-0.25299698,0
-0.70365951,-2.18492014,0.10497412,0
0.10524833,1.73597149,-0.19280536,0
-0.22390292,0.51869393,-0.20570362,0
-0.0023099,1.35702326,-0.15120946,0
-0.95432305,-5.15208725,1.97652822,0
-0.02964974,1.21326101,-0.02240816,0
1.34826972,1.76327387,-0.20195085,0
0.15602437,2.19659986,-0.3188982,0
0.64960256,2.08145237,-0.30839741,0
-0.46062845,-1.49365765,0.27275177,0
0.05049914,1.6677987,-0.11275417,0
-0.71982441,-3.76882305,0.9259203,0
-0.33892592,-0.66437586,-0.01004432,0
-0.50088039,-2.50279319,0.93500811,0
0.18282429,1.89613942,-0.26351055,0
-0.35885909,-0.67367764,0.2060924,0
0.15412057,2.18963981,-0.31771378,0
0.17252876,2.05707742,-0.32798872,0
0.26282499,2.1146123,-0.36263884,0
-0.67970455,-2.96440453,1.24168277,0
-0.74626029,-3.92620916,1.64323491,0
-0.04429864,1.37976162,-0.06346526,0
-0.74998405,-3.55622096,0.87772892,0
0.18707115,2.12937905,-0.34192293,0
-0.87372453,-4.7790288,2.3833397,0
0.08703992,1.88053796,-0.22422106,0
-0.34496574,-0.92820085,0.48373952,0
-0.25318845,-0.81954057,0.14414168,0
0.09516152,1.744911,-0.22826331,0
0.10840935,1.91694699,-0.23687424,0
-0.65097628,-2.56703649,0.4802987,0
-0.46392805,-1.736191,-0.08723322,0
0.01520888,1.43038773,-0.07745416,0
-0.72197723,-3.13633599,0.9172375,0
-0.72489428,-3.35596843,1.34894458,0
-0.26112355,-0.08385192,-0.5116145,0
1.4414275,3.83829032,-0.89058488,0
-0.65680239,-2.60857396,0.5064572,0
-0.21073293,0.04386761,0.10748386,0
0.30954281,1.91251898,-0.28144048,0
-0.17107421,0.84658872,0.06668352,0
-0.59466592,-2.72475757,0.30327336,0
-0.17247038,0.10017251,0.37505442,0
5.17809449,1.26862549,-0.23690311,0
0.04677661,1.88140737,-0.22994325,0
-0.48065026,-1.85051223,0.7178178,0
-0.12092855,0.94926207,-0.05423392,0
-0.74589031,-4.70986364,-8.13901669,0
0.22912493,1.7348483,-0.20758642,0
-0.65255713,-2.57851173,0.48671388,0
0.01854921,1.23358022,-0.10099054,0
0.18082895,2.46438268,-0.4202109,0
1.06321482,2.24077181,-0.4794411,0
-0.1676417,1.81708113,-0.06535458,0
0.25718476,1.67444035,-0.19707679,0
-0.439864,-0.6602124,0.29378593,0
0.09496318,1.54617455,-0.222412,0
0.19684469,2.50849036,-0.43810199,0
-0.6537271,-2.62914441,0.67499276,0
0.16778911,1.89887669,-0.26522487,0
-0.60964823,-2.3996084,-0.06270482,0
0.04524678,2.09297499,-0.24244204,0
-0.12454256,0.90027084,0.07730109,0
-0.25647245,-0.2802455,0.18209009,0
0.32487185,2.01088095,-0.32470702,0
-0.40077562,-0.98402346,0.06428954,0
0.59293099,1.85325994,-0.27081053,0
0.59338841,2.8687059,-0.56531198,0
0.78631715,2.51379741,-0.50110126,0
0.17110245,1.95696795,-0.29158863,0
-0.64045144,-3.29477836,1.14700041,0
0.28939092,1.90544701,-0.28163557,0
0.11727138,2.22450236,-0.33035037,0
0.10862639,1.97506892,-0.27130019,0
0.29227132,2.17117999,-0.3388633,0
-0.2066659,0.27657272,0.10888287,0
0.2057463,2.30361026,-0.34802297,0
0.19424149,2.16265134,-0.33892899,0
0.07801691,1.83480341,-0.23421368,0
0.05113678,1.55971352,-0.20605692,0
-0.65378827,-2.07931817,0.73135455,0
0.11841898,1.85944025,-0.19271083,0
-0.09547671,1.16822831,-0.02243443,0
-0.16344756,0.44869784,-0.01761777,0
-0.80365988,-4.35051006,0.78041498,0
-0.10395618,0.91990404,-0.07375696,0
0.11162065,1.96210528,-0.30765545,0
-0.45547132,-1.36774438,0.55917698,0
-0.37614816,-0.97282273,0.46318542,0
-0.57850028,-2.14410614,1.04196835,0
0.01855509,1.56137763,-0.10783466,0
-0.07008638,1.31945776,-0.03109358,0
-0.50026355,-2.13099901,0.4476029,0
0.07406501,1.64031836,-0.15345095,0
-0.04563102,0.96998882,-0.14282746,0
-0.08503908,0.93817781,0.11249883,0
-0.28653636,-0.47775479,0.04496733,0
-0.06299429,1.43929658,-0.11591108,0
-0.02646293,1.98088793,-0.265836,0
0.12551953,1.85883936,-0.25694236,0
-0.02293926,1.54805835,-0.14053231,0
-1.04730426,-4.86625534,0.08737925,0
-0.43961909,-1.34657837,0.23767988,0
0.18883531,2.18591304,-0.32900264,0
0.11194388,1.79053609,-0.24774947,0
-0.92949366,-5.34115179,1.72712785,0
0.0806216,2.03973792,-0.23372499,0
0.06301576,1.92910884,-0.27598327,0
-0.70211801,-3.21891895,1.0477062,0
0.14597798,2.29222932,-0.37397302,0
-0.22254573,0.24148038,0.18664719,0
0.0661347,1.81218093,-0.23535374,0
0.03079079,1.71274384,-0.30917408,0
-0.48405978,-1.02852595,0.48705078,0
-0.44318707,-1.29730103,0.22644405,0
-0.65655875,-2.60683693,0.5053633,0
0.41129124,2.46994519,-0.47696767,0
-0.15321709,1.70089207,-0.25601469,0
0.09503888,1.76179748,-0.20420601,0
0.94267197,2.07953639,-0.36444379,0
-0.07163901,-0.41855163,0.11856173,0
0.0486084,1.76798208,-0.25797146,0
0.09946614,1.74176711,-0.21517522,0
-0.19592235,0.3793284,-0.02517609,0
0.18779975,2.08466377,-0.31665927,0
-0.65581608,-2.60154203,0.5020288,0
0.21369336,1.74057124,-0.50409444,0
0.0918674,2.17729388,-0.2988435,0
0.11740699,2.13936764,-0.36895157,0
-0.5270444,-1.64036608,0.72250482,0
-0.08026004,1.19703778,0.01730215,0
-0.01408193,1.25446404,-0.01006521,0
0.16922509,2.07570967,-0.29420034,0
-0.97555514,-5.36638966,2.74968144,0
-0.76382991,-2.81146931,0.40838579,0
-0.52242911,-2.15259867,-1.28477787,0
-0.44185995,-1.34079229,0.56746368,0
-0.22300044,-0.50557024,-0.07831901,0
-0.53199443,-1.21089064,0.34721966,0
-0.47754425,0.00800998,0.78204922,0
-1.89495173,-14.93261127,-38.4502002,0
0.95003492,10.18047498,-3.69939446,0
-0.64115106,-2.75173893,0.37200917,0
-0.18116062,0.29597135,0.02847432,0
0.1743626,1.21938956,0.02214881,0
0.1044552,2.07573362,-0.26873681,0
0.15034846,2.41495174,-0.36681547,0
0.95065075,2.0617108,-0.35724056,0
0.13197666,2.09824986,-0.30933554,0
-0.78902528,-3.59333486,0.76712228,0
-0.22191349,-0.93695484,0.52605925,0
0.03297413,1.90729549,-0.41352559,0
-0.28344998,-0.17903315,-0.08459281,0
-0.16152833,0.41878017,0.14718216,0
5.80E+00,2.26E-01,-4.98E-03,0
0.28781452,1.9081766,-0.28223591,0
0.1069234,1.86539903,-0.20699769,0
-0.30754821,-0.68648156,-0.04313556,0
-0.74325063,-4.02060158,0.4795673,0